timestamp,host,cpu,asp,pool,totalJobs,activeJobs
1781517686019,IOHANA,27.700000762939453,66.69259643554688,0.0,63922,843
1781517699315,ILUAU,1.2000000476837158,93.34100341796875,0.0,5954,267
1781517710842,IONO,0.30000001192092896,84.09760284423828,0.0,20475,248
1781517721143,IOHANA,28.700000762939453,66.69259643554688,0.0,63932,842
1781517731151,ILUAU,1.0,93.33920288085938,0.0,5953,266
1781517740759,IONO,0.4000000059604645,84.097900390625,0.0,20476,249
1781517751018,IOHANA,28.5,66.69239807128906,0.0,63934,842
1781517761049,ILUAU,1.100000023841858,93.3406982421875,0.0,5954,267
1781517770695,IONO,0.30000001192092896,84.09770202636719,0.0,20475,248
1781517780418,IOHANA,30.200000762939453,66.69219970703125,0.0,63944,841
1781517790130,ILUAU,1.0,93.33899688720703,0.0,5953,266
1781517800375,IONO,0.30000001192092896,84.09860229492188,0.0,20477,250
1781517810373,IOHANA,28.200000762939453,66.69819641113281,0.0,63946,841
1781517819996,ILUAU,1.5,93.34100341796875,0.0,5954,267
1781517829523,IONO,0.10000000149011612,84.09829711914062,0.0,20476,249
1781517839083,IOHANA,30.899999618530273,66.70809936523438,0.0,63956,840
1781517848756,ILUAU,1.0,93.33920288085938,0.0,5953,266
1781517858620,IONO,0.10000000149011612,84.09880065917969,0.0,20477,250
1781517868288,IOHANA,30.899999618530273,66.70809936523438,0.0,63958,840
1781517877916,ILUAU,1.2999999523162842,93.34100341796875,0.0,5954,267
1781517887482,IONO,0.30000001192092896,84.09850311279297,0.0,20476,249
1781517897184,IOHANA,27.0,66.70790100097656,0.0,63968,839
1781517907295,ILUAU,0.8999999761581421,93.33920288085938,0.0,5953,266
1781517917062,IONO,0.20000000298023224,84.09880065917969,0.0,20477,250
1781517926775,IOHANA,28.899999618530273,66.70850372314453,0.0,63976,841
1781517936579,ILUAU,1.0,93.3385009765625,0.0,5953,266
1781517946153,IONO,0.30000001192092896,84.09729766845703,0.0,20476,249
1781517955837,IOHANA,1.2000000476837158,66.69819641113281,0.0,63986,839
1781517965463,ILUAU,1.100000023841858,93.3427963256836,0.0,5954,267
1781517975182,IONO,0.10000000149011612,84.09760284423828,0.0,20477,250
1781517984881,IOHANA,0.8999999761581421,66.69750213623047,0.0,63988,839
1781517994610,ILUAU,1.0,93.34709930419922,0.0,5955,268
1781518004382,IONO,0.10000000149011612,84.09729766845703,0.0,20476,249
1781518014136,IOHANA,1.0,66.69709777832031,0.0,63998,838
1781518024111,ILUAU,1.0,93.34529876708984,0.0,5954,267
1781518033775,IONO,0.30000001192092896,84.09770202636719,0.0,20477,250
1781518043529,IOHANA,1.0,66.69779968261719,0.0,64002,840
1781518053321,ILUAU,1.0,93.34709930419922,0.0,5955,268
1781518063218,IONO,0.30000001192092896,84.09750366210938,0.0,20476,249
1781518073059,IOHANA,0.8999999761581421,66.69750213623047,0.0,64012,839
1781518083236,ILUAU,1.2999999523162842,93.34500122070312,0.0,5954,267
1781518093148,IONO,0.4000000059604645,84.0978012084961,0.0,20477,250
1781518103821,IOHANA,1.100000023841858,66.69760131835938,0.0,64014,839
1781518113788,ILUAU,1.2000000476837158,93.3468017578125,0.0,5955,268
1781518123481,IONO,0.20000000298023224,84.09750366210938,0.0,20476,249
1781518133372,IOHANA,1.2000000476837158,66.69709777832031,0.0,64024,838
1781518143544,ILUAU,1.899999976158142,93.34529876708984,0.0,5954,267
1781518153380,IONO,0.20000000298023224,84.09709930419922,0.0,20476,249
1781518163295,IOHANA,1.0,66.69860076904297,0.0,64028,840
1781518173541,ILUAU,1.2999999523162842,93.32969665527344,0.0,5950,263
1781518183149,IONO,0.10000000149011612,84.0968017578125,0.0,20475,248
1781518192845,IOHANA,1.100000023841858,66.69830322265625,0.0,64038,839
1781518205488,ILUAU,1.2000000476837158,93.3280029296875,0.0,5949,262
1781518215979,IONO,0.10000000149011612,84.09700012207031,0.0,20476,249
1781518225869,IOHANA,1.0,66.69830322265625,0.0,64044,839
1781518235605,ILUAU,1.2000000476837158,93.32460021972656,0.0,5949,262
1781518245459,IONO,0.20000000298023224,84.0968017578125,0.0,20475,248
1781518255405,IOHANA,1.2000000476837158,66.697998046875,0.0,64054,838
1781518265417,ILUAU,1.0,93.32270050048828,0.0,5948,261
1781518275118,IONO,0.30000001192092896,84.09709930419922,0.0,20476,249
1781518286890,IOHANA,1.0,66.69889831542969,0.0,64058,840
1781518296743,ILUAU,1.0,93.32450103759766,0.0,5949,262
1781518306406,IONO,0.30000001192092896,84.0968017578125,0.0,20475,248
1781518316362,IOHANA,0.8999999761581421,66.69860076904297,0.0,64068,839
1781518325949,ILUAU,1.100000023841858,93.3230972290039,0.0,5948,261
1781518335659,IONO,0.4000000059604645,84.09709930419922,0.0,20476,249
1781518345679,IOHANA,0.8999999761581421,66.69840240478516,0.0,64070,839
1781518355528,ILUAU,1.0,93.32479858398438,0.0,5949,262
1781518365108,IONO,0.10000000149011612,84.0968017578125,0.0,20475,248
1781518375036,IOHANA,1.100000023841858,66.697998046875,0.0,64080,838
1781518384602,ILUAU,1.2000000476837158,93.3230972290039,0.0,5948,261
1781518394432,IONO,0.10000000149011612,84.09709930419922,0.0,20476,249
1781518404173,IOHANA,0.8999999761581421,66.69860076904297,0.0,64084,840
1781518413857,ILUAU,1.2999999523162842,93.32479858398438,0.0,5949,262
1781518423365,IONO,0.10000000149011612,84.0968017578125,0.0,20475,248
1781518433110,IOHANA,1.7999999523162842,66.6980972290039,0.0,64094,839
1781518442638,ILUAU,1.0,93.3230972290039,0.0,5948,261
1781518452227,IONO,0.10000000149011612,84.09709930419922,0.0,20476,249
1781518831486,IOHANA,1.100000023841858,66.69750213623047,0.0,64171,838
1781518845682,ILUAU,1.100000023841858,93.32479858398438,0.0,5949,262
1781518857266,IONO,0.30000001192092896,84.0968017578125,0.0,20475,248
1781518867621,IOHANA,1.5,66.69860076904297,0.0,64185,840
1781518880543,ILUAU,1.100000023841858,93.322998046875,0.0,5948,261
1781518890427,IONO,0.30000001192092896,84.09709930419922,0.0,20476,249
1781518900180,IOHANA,8.600000381469727,66.69830322265625,0.0,64193,840
1781518911481,ILUAU,0.8999999761581421,93.32479858398438,0.0,5949,262
1781518921002,IONO,0.30000001192092896,84.0968017578125,0.0,20475,248
1781518930747,IOHANA,1.399999976158142,66.69860076904297,0.0,64197,838
1781518940563,ILUAU,1.2000000476837158,93.322998046875,0.0,5948,261
1781518950146,IONO,0.10000000149011612,84.09709930419922,0.0,20476,249
1781518959845,IOHANA,1.0,66.69840240478516,0.0,64205,839
1781518969538,ILUAU,1.399999976158142,93.32479858398438,0.0,5949,262
1781518979210,IONO,0.10000000149011612,84.0968017578125,0.0,20475,248
1781518988911,IOHANA,1.0,66.69999694824219,0.0,64211,840
1781518998438,ILUAU,1.5,93.322998046875,0.0,5948,261
1781519008096,IONO,0.30000001192092896,84.09709930419922,0.0,20476,249
1781519018288,IOHANA,15.0,66.69879913330078,0.0,64217,840
1781519028233,ILUAU,2.4000000953674316,93.32479858398438,0.0,5949,262
1781519038013,IONO,0.20000000298023224,84.0969009399414,0.0,20475,248
1781519049210,IOHANA,0.8999999761581421,66.69989776611328,0.0,64225,841
1781519058968,ILUAU,1.0,93.322998046875,0.0,5948,261
1781519068740,IONO,0.4000000059604645,84.09709930419922,0.0,20476,249
1781519078357,IOHANA,8.699999809265137,66.70079803466797,0.0,64235,842
1781519087884,ILUAU,1.100000023841858,93.32479858398438,0.0,5949,262
1781519099754,IONO,0.4000000059604645,84.0968017578125,0.0,20475,248
1781519109448,IOHANA,8.699999809265137,66.70040130615234,0.0,64243,841
1781519119147,ILUAU,1.399999976158142,93.322998046875,0.0,5948,261
1781519128853,IONO,0.30000001192092896,84.09709930419922,0.0,20476,249
1781519138559,IOHANA,8.399999618530273,66.69989776611328,0.0,64247,841
1781519148112,ILUAU,1.2000000476837158,93.32479858398438,0.0,5949,262
1781519159287,IONO,0.20000000298023224,84.0968017578125,0.0,20475,248
1781519168939,IOHANA,1.0,66.70130157470703,0.0,64255,840
1781519178556,ILUAU,1.0,93.322998046875,0.0,5948,261
1781519188201,IONO,0.20000000298023224,84.09709930419922,0.0,20476,249
1781519197730,IOHANA,4.400000095367432,66.70230102539062,0.0,64263,843
1781519207347,ILUAU,1.0,93.32479858398438,0.0,5949,262
1781519216932,IONO,0.10000000149011612,84.0969009399414,0.0,20475,248
1781519226595,IOHANA,1.399999976158142,66.70349884033203,0.0,64271,843
1781519237852,ILUAU,1.0,93.3230972290039,0.0,5948,261
1781519247375,IONO,0.10000000149011612,84.09709930419922,0.0,20476,249
1781519257009,IOHANA,8.300000190734863,66.70369720458984,0.0,64277,842
1781519266664,ILUAU,1.2999999523162842,93.32479858398438,0.0,5949,262
1781519276188,IONO,0.10000000149011612,84.0968017578125,0.0,20475,248
1781519285871,IOHANA,0.8999999761581421,66.7031021118164,0.0,64283,841
1781519295405,ILUAU,1.2000000476837158,93.322998046875,0.0,5948,261
1781519305180,IONO,0.10000000149011612,84.09709930419922,0.0,20476,249
1781519316350,IOHANA,4.199999809265137,66.70269775390625,0.0,64289,841
1781519325933,ILUAU,1.0,93.32479858398438,0.0,5949,262
1781519335472,IONO,0.30000001192092896,84.0968017578125,0.0,20475,248
1781519345320,IOHANA,1.0,66.70230102539062,0.0,64295,840
1781519355079,ILUAU,1.899999976158142,93.322998046875,0.0,5948,261
1781519365249,IONO,0.4000000059604645,84.09709930419922,0.0,20476,249
1781519375040,IOHANA,1.7999999523162842,66.70210266113281,0.0,64299,840
1781519384847,ILUAU,1.899999976158142,93.32479858398438,0.0,5949,262
1781519394529,IONO,0.20000000298023224,84.0968017578125,0.0,20475,248
1781519404350,IOHANA,1.7999999523162842,66.70349884033203,0.0,64309,841
1781519414203,ILUAU,1.899999976158142,93.32319641113281,0.0,5948,261
1781519423817,IONO,0.4000000059604645,84.09729766845703,0.0,20476,249
1781520014210,IOHANA,1.2000000476837158,66.7020034790039,0.0,64438,842
1781520028093,ILUAU,1.2000000476837158,93.3218002319336,0.0,5948,261
1781520040177,IONO,0.30000001192092896,84.09700012207031,0.0,20475,248
1781520050501,IOHANA,1.0,66.70210266113281,0.0,64449,841
1781520060393,ILUAU,1.2999999523162842,93.31999969482422,0.0,5947,260
1781520070366,IONO,0.6000000238418579,84.09729766845703,0.0,20476,249
1781520080333,IOHANA,1.100000023841858,66.7031021118164,0.0,64452,843
1781520090611,ILUAU,1.2999999523162842,93.3218002319336,0.0,5948,261
1781520100936,IONO,0.10000000149011612,84.09700012207031,0.0,20475,248
1781520114297,IOHANA,1.100000023841858,66.70269775390625,0.0,64462,842
1781520123994,ILUAU,1.7000000476837158,93.3197021484375,0.0,5947,260
1781520133643,IONO,0.30000001192092896,84.09719848632812,0.0,20476,249
1781520146678,IOHANA,0.8999999761581421,66.70249938964844,0.0,64464,842
1781520156323,ILUAU,1.2000000476837158,93.3218002319336,0.0,5948,261
1781520165992,IONO,0.30000001192092896,84.09700012207031,0.0,20475,248
1781520175636,IOHANA,1.0,66.70220184326172,0.0,64474,841
1781520185367,ILUAU,1.100000023841858,93.31999969482422,0.0,5947,260
1781520195020,IONO,0.10000000149011612,84.09729766845703,0.0,20476,249
1781520204719,IOHANA,0.800000011920929,66.70210266113281,0.0,64478,843
1781520214248,ILUAU,1.2000000476837158,93.3218002319336,0.0,5948,261
1781520223748,IONO,0.30000001192092896,84.09700012207031,0.0,20475,248
1781520233249,IOHANA,0.800000011920929,66.70179748535156,0.0,64488,842
1781520242726,ILUAU,1.2999999523162842,93.31999969482422,0.0,5947,260
1781520252125,IONO,0.10000000149011612,84.09729766845703,0.0,20476,249
1781520261664,IOHANA,0.800000011920929,66.70149993896484,0.0,64490,842
1781520271137,ILUAU,1.2999999523162842,93.32150268554688,0.0,5948,261
1781520280642,IONO,0.30000001192092896,84.09700012207031,0.0,20475,248
1781520290177,IOHANA,1.2000000476837158,66.70120239257812,0.0,64500,840
1781520299667,ILUAU,4.300000190734863,93.32060241699219,0.0,5947,260
1781520309114,IONO,0.10000000149011612,84.0958023071289,0.0,20476,248
1781520318599,IOHANA,0.8999999761581421,66.70169830322266,0.0,64507,841
1781520328252,ILUAU,1.2999999523162842,93.3219985961914,0.0,5948,261
1781520337733,IONO,0.10000000149011612,84.09609985351562,0.0,20476,248
1781520347621,IOHANA,0.8999999761581421,66.70249938964844,0.0,64515,840
1781520357157,ILUAU,0.800000011920929,93.32029724121094,0.0,5947,260
1781520366679,IONO,0.30000001192092896,84.09760284423828,0.0,20477,249
1781520376390,IOHANA,1.100000023841858,66.70220184326172,0.0,64521,842
1781520385826,ILUAU,1.2000000476837158,93.32230377197266,0.0,5948,261
1781520395886,IONO,0.4000000059604645,84.09729766845703,0.0,20476,248
1781520405898,IOHANA,4.400000095367432,66.70189666748047,0.0,64531,841
1781520415943,ILUAU,0.8999999761581421,93.32060241699219,0.0,5947,260
1781520425513,IONO,0.4000000059604645,84.09760284423828,0.0,20477,249
1781520435022,IOHANA,1.0,66.70210266113281,0.0,64533,841
1781520444579,ILUAU,1.2999999523162842,93.32240295410156,0.0,5948,261
1781520454095,IONO,0.10000000149011612,84.09729766845703,0.0,20476,248
1781520463682,IOHANA,1.0,66.72660064697266,0.0,64583,880
1781520473084,ILUAU,1.2999999523162842,93.32060241699219,0.0,5947,260
1781520482767,IONO,0.30000001192092896,84.09760284423828,0.0,20477,249
1781520492253,IOHANA,1.399999976158142,66.72850036621094,0.0,64589,884
1781520501816,ILUAU,1.2999999523162842,93.32240295410156,0.0,5948,261
1781520511824,IONO,0.10000000149011612,84.09729766845703,0.0,20476,248
1781520521336,IOHANA,2.5,66.72810363769531,0.0,64597,883
1781520530869,ILUAU,1.0,93.32060241699219,0.0,5947,260
1781520540309,IONO,0.30000001192092896,84.09760284423828,0.0,20477,249
1781520549805,IOHANA,1.100000023841858,66.72850036621094,0.0,64601,883
1781520559354,ILUAU,1.7999999523162842,93.32230377197266,0.0,5948,261
1781520568930,IONO,0.4000000059604645,84.09729766845703,0.0,20476,248
1781520578509,IOHANA,15.399999618530273,66.72750091552734,0.0,64605,884
1781520588279,ILUAU,2.5,93.32060241699219,0.0,5947,260
1781520597730,IONO,0.10000000149011612,84.09760284423828,0.0,20477,249
1781520607276,IOHANA,1.399999976158142,66.72840118408203,0.0,64615,883
1781520619880,ILUAU,1.2000000476837158,93.32240295410156,0.0,5948,261
1781520629838,IONO,0.10000000149011612,84.09729766845703,0.0,20476,248
1781520639399,IOHANA,1.0,66.72850036621094,0.0,64621,884
1781520649036,ILUAU,1.2000000476837158,93.32060241699219,0.0,5947,260
1781520658512,IONO,0.10000000149011612,84.09760284423828,0.0,20477,249
1781520668072,IOHANA,1.399999976158142,66.73030090332031,0.0,64633,886
1781520677506,ILUAU,1.2000000476837158,93.32240295410156,0.0,5948,261
1781520687660,IONO,0.10000000149011612,84.09729766845703,0.0,20476,248
1781520697182,IOHANA,9.199999809265137,66.73300170898438,0.0,64641,888
1781520706908,ILUAU,0.800000011920929,93.32060241699219,0.0,5947,260
1781520716466,IONO,0.30000001192092896,84.09760284423828,0.0,20477,249
1781520725991,IOHANA,1.5,66.73999786376953,0.0,64655,895
1781520735603,ILUAU,1.2000000476837158,93.32240295410156,0.0,5948,261
1781520745109,IONO,0.10000000149011612,84.09729766845703,0.0,20476,248
1781520755273,IOHANA,0.8999999761581421,66.7385025024414,0.0,64657,893
1781520764702,ILUAU,1.2000000476837158,93.339599609375,0.0,5952,265
1781520774180,IONO,0.30000001192092896,84.09760284423828,0.0,20477,249
1781520783717,IOHANA,1.2999999523162842,66.739501953125,0.0,64667,894
1781520793371,ILUAU,1.2000000476837158,93.34320068359375,0.0,5953,266
1781520802930,IONO,0.30000001192092896,84.09729766845703,0.0,20476,248
1781520812452,IOHANA,0.8999999761581421,66.739501953125,0.0,64667,892
1781520821902,ILUAU,1.2000000476837158,93.34140014648438,0.0,5952,265
1781520831369,IONO,0.10000000149011612,84.09760284423828,0.0,20477,249
1781520840856,IOHANA,1.0,66.73989868164062,0.0,64681,895
1781520850415,ILUAU,1.2999999523162842,93.34310150146484,0.0,5953,266
1781520859810,IONO,0.4000000059604645,84.09729766845703,0.0,20476,248
1781520869443,IOHANA,1.7999999523162842,66.7406005859375,0.0,64681,893
1781520878990,ILUAU,2.200000047683716,93.34110260009766,0.0,5952,265
1781520888939,IONO,0.4000000059604645,84.09760284423828,0.0,20477,249
1781520898520,IOHANA,1.0,66.74089813232422,0.0,64693,894
1781520908128,ILUAU,1.2999999523162842,93.3427963256836,0.0,5953,266
1781520917511,IONO,0.30000001192092896,84.09729766845703,0.0,20476,248
1781520927450,IOHANA,0.8999999761581421,66.73999786376953,0.0,64697,892
1781520937124,ILUAU,1.0,93.34130096435547,0.0,5952,265
1781520946632,IONO,0.10000000149011612,84.09760284423828,0.0,20477,249
1781520956076,IOHANA,1.100000023841858,66.74040222167969,0.0,64709,893
1781520966485,ILUAU,1.2999999523162842,93.34310150146484,0.0,5953,266
1781520975962,IONO,0.30000001192092896,84.09729766845703,0.0,20476,248
1781520985590,IOHANA,6.099999904632568,66.74120330810547,0.0,64713,895
1781520995017,ILUAU,1.2000000476837158,93.34130096435547,0.0,5952,265
1781521004418,IONO,0.10000000149011612,84.09760284423828,0.0,20477,249
1781521013920,IOHANA,1.2000000476837158,66.73670196533203,0.0,64718,888
1781521023327,ILUAU,3.700000047683716,93.34880065917969,0.0,5954,267
1781521032890,IONO,0.10000000149011612,84.09729766845703,0.0,20476,248
1781521042571,IOHANA,1.100000023841858,66.73760223388672,0.0,64722,890
1781521052231,ILUAU,1.0,93.34429931640625,0.0,5952,265
1781521061911,IONO,0.10000000149011612,84.09760284423828,0.0,20477,249
1781521071448,IOHANA,0.8999999761581421,66.73819732666016,0.0,64734,891
1781521081089,ILUAU,1.2999999523162842,93.34609985351562,0.0,5953,266
1781521090863,IONO,0.20000000298023224,84.09729766845703,0.0,20476,248
1781521100633,IOHANA,0.8999999761581421,66.75679779052734,0.0,64758,913
1781521113127,ILUAU,1.2000000476837158,93.34459686279297,0.0,5952,265
1781521122527,IONO,0.20000000298023224,84.09760284423828,0.0,20477,249
1781521132075,IOHANA,1.0,66.7572021484375,0.0,64770,914
1781521141560,ILUAU,1.0,93.34639739990234,0.0,5953,266
1781521150969,IONO,0.30000001192092896,84.09709930419922,0.0,20475,247
1781521160588,IOHANA,1.0,66.75579833984375,0.0,64770,911
1781521170712,ILUAU,1.7999999523162842,93.34429931640625,0.0,5952,265
1781521180151,IONO,0.30000001192092896,84.09739685058594,0.0,20476,248
1781521189640,IOHANA,1.0,66.756103515625,0.0,64782,912
1781521199986,ILUAU,4.800000190734863,93.3467025756836,0.0,5953,266
1781521209449,IONO,0.30000001192092896,84.09719848632812,0.0,20475,247
1781521218961,IOHANA,1.600000023841858,66.75569915771484,0.0,64786,910
1781521228404,ILUAU,1.100000023841858,93.34519958496094,0.0,5952,265
1781521237768,IONO,0.30000001192092896,84.09739685058594,0.0,20476,248
1781521247423,IOHANA,1.0,66.75749969482422,0.0,64796,911
1781521256845,ILUAU,1.2000000476837158,93.34529876708984,0.0,5953,266
1781521266265,IONO,0.10000000149011612,84.09719848632812,0.0,20475,247
1781521275712,IOHANA,1.0,66.75520324707031,0.0,64798,909
1781521286696,ILUAU,1.2000000476837158,93.34349822998047,0.0,5952,265
1781521298660,IONO,0.10000000149011612,84.09739685058594,0.0,20476,248
1781521308153,IOHANA,1.0,66.75550079345703,0.0,64810,910
1781521317585,ILUAU,1.2000000476837158,93.34439849853516,0.0,5953,266
1781521327086,IONO,0.10000000149011612,84.09719848632812,0.0,20475,247
1781521336551,IOHANA,1.0,66.75409698486328,0.0,64810,908
1781521345926,ILUAU,1.2999999523162842,93.34349822998047,0.0,5952,265
1781521355396,IONO,0.6000000238418579,84.09739685058594,0.0,20476,248
1781521365020,IOHANA,15.300000190734863,66.75450134277344,0.0,64822,909
1781521374447,ILUAU,1.2000000476837158,93.34529876708984,0.0,5953,266
1781521383842,IONO,0.30000001192092896,84.09719848632812,0.0,20474,246
1781521393352,IOHANA,1.0,66.75330352783203,0.0,64822,907
1781521402852,ILUAU,1.2999999523162842,93.34349822998047,0.0,5952,265
1781521412289,IONO,0.30000001192092896,84.09629821777344,0.0,20475,247
1781521421804,IOHANA,1.0,66.75360107421875,0.0,64832,908
1781521431195,ILUAU,1.0,93.34529876708984,0.0,5953,266
1781521440635,IONO,0.30000001192092896,84.09609985351562,0.0,20474,246
1781521450129,IOHANA,0.800000011920929,66.75340270996094,0.0,64834,906
1781521459594,ILUAU,1.2999999523162842,93.34359741210938,0.0,5952,265
1781521468973,IONO,0.30000001192092896,84.09619903564453,0.0,20475,247
1781521478449,IOHANA,9.100000381469727,66.75370025634766,0.0,64845,908
1781521487889,ILUAU,1.0,93.34529876708984,0.0,5953,266
1781521497615,IONO,0.10000000149011612,84.09880065917969,0.0,20478,250
1781521507174,IOHANA,2.200000047683716,66.75669860839844,0.0,64851,907
1781521516658,ILUAU,0.800000011920929,93.34359741210938,0.0,5952,265
1781521527761,IONO,0.30000001192092896,84.0989990234375,0.0,20479,251
1781521539370,IOHANA,0.800000011920929,66.75759887695312,0.0,64859,909
1781521550655,ILUAU,1.2000000476837158,93.34500122070312,0.0,5953,266
1781521560457,IONO,0.10000000149011612,84.0989990234375,0.0,20478,250
1781521570022,IOHANA,1.100000023841858,66.75789642333984,0.0,64867,908
1781521579445,ILUAU,1.2999999523162842,93.34329986572266,0.0,5952,265
1781521588959,IONO,0.30000001192092896,84.09870147705078,0.0,20479,251
1781521598636,IOHANA,8.699999809265137,66.75279998779297,0.0,64875,907
1781521608448,ILUAU,0.699999988079071,93.34529876708984,0.0,5953,266
1781521620234,IONO,0.30000001192092896,84.09850311279297,0.0,20478,250
1781521629726,IOHANA,1.0,66.75250244140625,0.0,64879,905
1781521640005,ILUAU,1.0,93.34359741210938,0.0,5952,265
1781521650273,IONO,0.30000001192092896,84.09870147705078,0.0,20479,251
1781521660307,IOHANA,8.5,66.75170135498047,0.0,64889,905
1781521671135,ILUAU,1.100000023841858,93.34529876708984,0.0,5953,266
1781521680645,IONO,0.20000000298023224,84.09850311279297,0.0,20478,250
1781521690959,IOHANA,1.0,66.75070190429688,0.0,64891,903
1781521700719,ILUAU,1.2999999523162842,93.34359741210938,0.0,5952,265
1781521712158,IONO,0.10000000149011612,84.09870147705078,0.0,20479,251
1781521721713,IOHANA,0.8999999761581421,66.7510986328125,0.0,64901,904
1781521731447,ILUAU,1.0,93.34529876708984,0.0,5953,266
1781521741692,IONO,0.30000001192092896,84.09850311279297,0.0,20478,250
1781521751224,IOHANA,1.2000000476837158,66.75019836425781,0.0,64903,902
1781521761971,ILUAU,1.899999976158142,93.32620239257812,0.0,5947,260
1781521771377,IONO,0.4000000059604645,84.09870147705078,0.0,20479,251
1781521780953,IOHANA,15.600000381469727,66.75019836425781,0.0,64912,903
1781521790607,ILUAU,1.2000000476837158,93.3279037475586,0.0,5948,261
1781521800161,IONO,0.30000001192092896,84.09850311279297,0.0,20478,250
1781521809558,IOHANA,5.400000095367432,66.74980163574219,0.0,64919,902
1781521819197,ILUAU,1.2000000476837158,93.32620239257812,0.0,5947,260
1781521828714,IONO,0.10000000149011612,84.09870147705078,0.0,20479,251
1781521838254,IOHANA,1.0,66.75050354003906,0.0,64924,907
1781521847745,ILUAU,1.2000000476837158,93.3279037475586,0.0,5948,261
1781521857157,IONO,0.0,84.09850311279297,0.0,20478,250
1781521867853,IOHANA,1.600000023841858,66.7499008178711,0.0,64933,903
1781521877302,ILUAU,1.0,93.32620239257812,0.0,5947,260
1781521886738,IONO,0.30000001192092896,84.09870147705078,0.0,20479,251
1781521896202,IOHANA,6.800000190734863,66.75019836425781,0.0,64940,904
1781521905633,ILUAU,1.0,93.3323974609375,0.0,5950,263
1781521915109,IONO,0.30000001192092896,84.09850311279297,0.0,20478,250
1781521924575,IOHANA,0.8999999761581421,66.75260162353516,0.0,64948,905
1781521933990,ILUAU,1.2000000476837158,93.33070373535156,0.0,5949,262
1781521943291,IONO,0.30000001192092896,84.09870147705078,0.0,20479,251
1781521952732,IOHANA,1.0,66.7531967163086,0.0,64950,905
1781521962176,ILUAU,1.2999999523162842,93.33270263671875,0.0,5950,263
1781521971712,IONO,0.10000000149011612,84.09850311279297,0.0,20478,250
1781521981288,IOHANA,1.0,66.7531967163086,0.0,64960,904
1781521990922,ILUAU,1.2999999523162842,93.33100128173828,0.0,5949,262
1781522000362,IONO,0.4000000059604645,84.09870147705078,0.0,20479,251
1781522009850,IOHANA,1.399999976158142,66.752197265625,0.0,64962,904
1781522019319,ILUAU,1.0,93.33280181884766,0.0,5950,263
1781522028712,IONO,0.10000000149011612,84.09850311279297,0.0,20478,250
1781522038243,IOHANA,0.800000011920929,66.7520980834961,0.0,64972,903
1781522047681,ILUAU,1.2999999523162842,93.33100128173828,0.0,5949,262
1781522057086,IONO,0.30000001192092896,84.09870147705078,0.0,20479,251
1781522070857,IOHANA,3.5,66.74019622802734,0.0,64978,897
1781522080283,ILUAU,1.2000000476837158,93.3324966430664,0.0,5950,263
1781522089717,IONO,0.10000000149011612,84.09839630126953,0.0,20478,250
1781522099222,IOHANA,1.0,66.73999786376953,0.0,64988,896
1781522108805,ILUAU,1.0,93.339599609375,0.0,5951,264
1781522118229,IONO,0.10000000149011612,84.0988998413086,0.0,20479,251
1781522129375,IOHANA,1.0,66.74009704589844,0.0,64994,896
1781522139435,ILUAU,1.2000000476837158,93.34140014648438,0.0,5952,265
1781522148858,IONO,0.10000000149011612,84.09870147705078,0.0,20478,250
1781522158324,IOHANA,1.0,66.73970031738281,0.0,65004,895
1781522167776,ILUAU,1.2000000476837158,93.339599609375,0.0,5951,264
1781522180320,IONO,0.30000001192092896,84.0989990234375,0.0,20479,251
1781522189828,IOHANA,1.100000023841858,66.7406997680664,0.0,65008,897
1781522200280,ILUAU,1.2000000476837158,93.34140014648438,0.0,5952,265
1781522209794,IONO,0.10000000149011612,84.09870147705078,0.0,20478,250
1781522219277,IOHANA,6.199999809265137,66.739501953125,0.0,65018,897
1781522228789,ILUAU,1.2000000476837158,93.339599609375,0.0,5951,264
1781522238198,IONO,0.10000000149011612,84.0989990234375,0.0,20479,251
1781522247679,IOHANA,0.8999999761581421,66.73889923095703,0.0,65021,896
1781522257104,ILUAU,1.2999999523162842,93.34120178222656,0.0,5952,265
1781522266473,IONO,0.10000000149011612,84.09870147705078,0.0,20478,250
1781522275928,IOHANA,1.2000000476837158,66.7385025024414,0.0,65031,895
1781522285323,ILUAU,1.2999999523162842,93.33940124511719,0.0,5951,264
1781522294935,IONO,0.20000000298023224,84.0989990234375,0.0,20479,251
1781522304789,IOHANA,0.800000011920929,66.74089813232422,0.0,65035,897
1781522314218,ILUAU,1.2999999523162842,93.34089660644531,0.0,5952,265
1781522323569,IONO,0.30000001192092896,84.09870147705078,0.0,20478,250
1781522333072,IOHANA,0.800000011920929,66.7405014038086,0.0,65045,896
1781522342534,ILUAU,1.2000000476837158,93.33920288085938,0.0,5951,264
1781522351874,IONO,0.20000000298023224,84.0990982055664,0.0,20479,251
1781522361275,IOHANA,1.2000000476837158,66.74169921875,0.0,65048,896
1781522370666,ILUAU,1.0,93.34120178222656,0.0,5952,265
1781522380052,IONO,0.10000000149011612,84.0988998413086,0.0,20478,250
1781522389466,IOHANA,0.8999999761581421,66.74189758300781,0.0,65060,897
1781522398932,ILUAU,1.2000000476837158,93.3395004272461,0.0,5951,264
1781522408420,IONO,0.30000001192092896,84.0990982055664,0.0,20479,251
1781522418017,IOHANA,0.8999999761581421,66.74259948730469,0.0,65068,898
1781522427459,ILUAU,1.2999999523162842,93.3333969116211,0.0,5950,263
1781522437478,IONO,0.10000000149011612,84.0988998413086,0.0,20478,250
1781522446898,IOHANA,1.100000023841858,66.74410247802734,0.0,65080,901
1781522459403,ILUAU,1.2999999523162842,93.33159637451172,0.0,5949,262
1781522468775,IONO,0.10000000149011612,84.0990982055664,0.0,20479,251
1781522478318,IOHANA,1.0,66.74410247802734,0.0,65082,897
1781522487729,ILUAU,1.2000000476837158,93.3333969116211,0.0,5950,263
1781522497115,IONO,0.10000000149011612,84.09880065917969,0.0,20478,250
1781522506588,IOHANA,8.5,66.74440002441406,0.0,65094,898
1781522516037,ILUAU,1.2999999523162842,93.33159637451172,0.0,5949,262
1781522525453,IONO,0.20000000298023224,84.0990982055664,0.0,20479,251
1781522535673,IOHANA,43.900001525878906,66.74369812011719,0.0,65094,896
1781522545142,ILUAU,1.2000000476837158,93.3333969116211,0.0,5950,263
1781522554616,IONO,0.10000000149011612,84.09880065917969,0.0,20478,250
1781522567483,IOHANA,6.199999809265137,66.74400329589844,0.0,65106,897
1781522576885,ILUAU,1.2000000476837158,93.33159637451172,0.0,5949,262
1781522586295,IONO,0.30000001192092896,84.0990982055664,0.0,20479,251
1781522595734,IOHANA,5.0,66.74410247802734,0.0,65109,897
1781522607885,ILUAU,1.100000023841858,93.3333969116211,0.0,5950,263
1781522617484,IONO,0.10000000149011612,84.09880065917969,0.0,20478,250
1781522626990,IOHANA,0.8999999761581421,66.74430084228516,0.0,65121,898
1781522636617,ILUAU,1.2000000476837158,93.33159637451172,0.0,5949,262
1781522646213,IONO,0.10000000149011612,84.0990982055664,0.0,20479,251
1781522655953,IOHANA,1.2000000476837158,66.74340057373047,0.0,65121,896
1781522665507,ILUAU,1.2000000476837158,93.3333969116211,0.0,5950,263
1781522675179,IONO,0.20000000298023224,84.09880065917969,0.0,20478,250
1781522684707,IOHANA,8.600000381469727,66.74369812011719,0.0,65133,897
1781522694240,ILUAU,1.0,93.33159637451172,0.0,5949,262
1781522703936,IONO,0.10000000149011612,84.0990982055664,0.0,20479,251
1781522713751,IOHANA,1.2000000476837158,66.74400329589844,0.0,65139,897
1781522723543,ILUAU,1.2000000476837158,93.3333969116211,0.0,5950,263
1781522733022,IONO,0.10000000149011612,84.0988998413086,0.0,20478,250
1781522742655,IOHANA,7.099999904632568,66.74440002441406,0.0,65145,898
1781522752741,ILUAU,1.2999999523162842,93.331298828125,0.0,5949,262
1781522762234,IONO,0.10000000149011612,84.0990982055664,0.0,20479,251
1781522773929,IOHANA,1.0,66.74400329589844,0.0,65151,897
1781522785773,ILUAU,1.600000023841858,93.3333969116211,0.0,5950,263
1781522796308,IONO,0.10000000149011612,84.09880065917969,0.0,20478,250
1781522805960,IOHANA,1.100000023841858,66.74369812011719,0.0,65163,897
1781522815463,ILUAU,1.0,93.33159637451172,0.0,5949,262
1781522824992,IONO,0.10000000149011612,84.0990982055664,0.0,20479,251
1781522834459,IOHANA,0.8999999761581421,66.74310302734375,0.0,65165,896
1781522844716,ILUAU,1.2999999523162842,93.33350372314453,0.0,5950,263
1781522854129,IONO,0.30000001192092896,84.09880065917969,0.0,20478,250
1781522863596,IOHANA,0.8999999761581421,66.74349975585938,0.0,65176,896
1781522873311,ILUAU,1.899999976158142,93.33159637451172,0.0,5949,262
1781522882840,IONO,0.4000000059604645,84.0990982055664,0.0,20479,251
1781522892404,IOHANA,2.4000000953674316,66.74369812011719,0.0,65178,896
1781522901946,ILUAU,2.5,93.33309936523438,0.0,5950,263
1781522911437,IONO,0.30000001192092896,84.0988998413086,0.0,20478,250
1781522921009,IOHANA,15.699999809265137,66.74400329589844,0.0,65187,897
1781522930894,ILUAU,1.2000000476837158,93.331298828125,0.0,5949,262
1781522940261,IONO,0.30000001192092896,84.0988998413086,0.0,20478,250
1781522949760,IOHANA,1.5,66.743896484375,0.0,65192,896
1781522959299,ILUAU,1.2000000476837158,93.3333969116211,0.0,5950,263
1781522968920,IONO,0.30000001192092896,84.09870147705078,0.0,20477,249
1781522978932,IOHANA,8.399999618530273,66.74420166015625,0.0,65198,897
1781522989063,ILUAU,0.8999999761581421,93.33159637451172,0.0,5949,262
1781522998759,IONO,4.599999904632568,84.0990982055664,0.0,20478,250
1781523008694,IOHANA,7.400000095367432,66.74569702148438,0.0,65208,901
1781523018370,ILUAU,1.100000023841858,93.33390045166016,0.0,5950,263
1781523027811,IONO,0.10000000149011612,84.09870147705078,0.0,20477,249
1781523037361,IOHANA,1.2000000476837158,66.74530029296875,0.0,65213,898
1781523046860,ILUAU,1.2000000476837158,93.3240966796875,0.0,5947,260
1781523056316,IONO,0.20000000298023224,84.0988998413086,0.0,20478,250
1781523065955,IOHANA,0.8999999761581421,66.74490356445312,0.0,65222,897
1781523075427,ILUAU,1.2999999523162842,93.32830047607422,0.0,5948,261
1781523084855,IONO,0.10000000149011612,84.09870147705078,0.0,20477,249
1781523094416,IOHANA,0.8999999761581421,66.74459838867188,0.0,65224,900
1781523103835,ILUAU,1.2000000476837158,93.32659912109375,0.0,5947,260
1781523113285,IONO,0.30000001192092896,84.0988998413086,0.0,20478,250
1781523122718,IOHANA,0.8999999761581421,66.74420166015625,0.0,65234,896
1781523132264,ILUAU,1.0,93.32830047607422,0.0,5948,261
1781523141739,IONO,0.20000000298023224,84.09870147705078,0.0,20477,249
1781523151288,IOHANA,0.800000011920929,66.74510192871094,0.0,65238,898
1781523161608,ILUAU,1.0,93.32659912109375,0.0,5947,260
1781523171257,IONO,0.30000001192092896,84.0988998413086,0.0,20478,250
1781523181125,IOHANA,1.100000023841858,66.74479675292969,0.0,65248,897
1781523191160,ILUAU,1.2999999523162842,93.3281021118164,0.0,5948,261
1781523201034,IONO,0.6000000238418579,84.09870147705078,0.0,20477,249
1781523211034,IOHANA,1.5,66.74459838867188,0.0,65250,899
1781523221333,ILUAU,2.4000000953674316,93.32659912109375,0.0,5947,260
1781523231089,IONO,0.30000001192092896,84.0988998413086,0.0,20478,250
1781523241514,IOHANA,1.0,66.74539947509766,0.0,65262,896
1781523251058,ILUAU,1.2000000476837158,93.32839965820312,0.0,5948,261
1781523260844,IONO,0.30000001192092896,84.09870147705078,0.0,20477,249
1781523270667,IOHANA,1.600000023841858,66.74629974365234,0.0,65266,898
1781523280650,ILUAU,1.2999999523162842,93.32659912109375,0.0,5947,260
1781523290742,IONO,0.20000000298023224,84.0988998413086,0.0,20478,250
1781523301439,IOHANA,0.8999999761581421,66.74590301513672,0.0,65276,897
1781523311192,ILUAU,1.2999999523162842,93.32830047607422,0.0,5948,261
1781523320879,IONO,0.4000000059604645,84.09870147705078,0.0,20477,249
1781523331020,IOHANA,0.8999999761581421,66.74579620361328,0.0,65282,897
1781523340473,ILUAU,1.2999999523162842,93.32659912109375,0.0,5947,260
1781523349901,IONO,0.30000001192092896,84.0988998413086,0.0,20478,250
1781523359597,IOHANA,1.0,66.74539947509766,0.0,65292,896
1781523369395,ILUAU,1.0,93.33319854736328,0.0,5950,263
1781523378949,IONO,0.10000000149011612,84.09870147705078,0.0,20477,249
1781523388461,IOHANA,0.8999999761581421,66.7479019165039,0.0,65296,898
1781523397864,ILUAU,1.2000000476837158,93.3313980102539,0.0,5949,262
1781523407261,IONO,0.30000001192092896,84.0988998413086,0.0,20478,250
1781523416730,IOHANA,1.0,66.74749755859375,0.0,65306,897
1781523426469,ILUAU,1.0,93.33319854736328,0.0,5950,263
1781523436130,IONO,0.20000000298023224,84.09870147705078,0.0,20477,249
1781523445795,IOHANA,1.2000000476837158,66.74620056152344,0.0,65308,896
1781523455895,ILUAU,1.0,93.3313980102539,0.0,5949,262
1781523465502,IONO,0.10000000149011612,84.0989990234375,0.0,20478,250
1781523475079,IOHANA,1.2000000476837158,66.74549865722656,0.0,65318,895
1781523484508,ILUAU,1.0,93.33280181884766,0.0,5950,263
1781523493917,IONO,0.10000000149011612,84.09870147705078,0.0,20477,249
1781523503432,IOHANA,1.7999999523162842,66.74590301513672,0.0,65323,897
1781523512937,ILUAU,1.899999976158142,93.33110046386719,0.0,5949,262
1781523522400,IONO,0.4000000059604645,84.0989990234375,0.0,20478,250
1781523531906,IOHANA,1.0,66.74549865722656,0.0,65333,896
1781523543770,ILUAU,1.7999999523162842,93.33309936523438,0.0,5950,263
1781523553142,IONO,0.30000001192092896,84.09850311279297,0.0,20476,248
1781523562579,IOHANA,1.0,66.74559783935547,0.0,65335,896
1781523572022,ILUAU,1.2000000476837158,93.3313980102539,0.0,5949,262
1781523581409,IONO,0.30000001192092896,84.09870147705078,0.0,20477,249
1781523590888,IOHANA,1.2000000476837158,66.74520111083984,0.0,65345,895
1781523600303,ILUAU,1.0,93.33309936523438,0.0,5950,263
1781523645532,IOHANA,3.9000000953674316,66.75,0.0,65364,904
1781523655692,ILUAU,1.0,93.3290023803711,0.0,5948,261
1781523665663,IONO,0.30000001192092896,84.09850311279297,0.0,20476,248
1781523675971,IOHANA,0.8999999761581421,66.74960327148438,0.0,65368,900
1781523685362,ILUAU,1.2000000476837158,93.33070373535156,0.0,5949,262
1781523694877,IONO,0.30000001192092896,84.09870147705078,0.0,20477,249
1781523704404,IOHANA,8.399999618530273,66.7499008178711,0.0,65380,901
1781523713863,ILUAU,1.2000000476837158,93.32890319824219,0.0,5948,261
1781523723214,IONO,0.30000001192092896,84.09850311279297,0.0,20476,248
1781523732824,IOHANA,1.100000023841858,66.74949645996094,0.0,65383,900
1781523742334,ILUAU,1.2999999523162842,93.33070373535156,0.0,5949,262
1781523751784,IONO,0.30000001192092896,84.09870147705078,0.0,20477,249
1781523761281,IOHANA,3.299999952316284,66.7500991821289,0.0,65393,901
1781523770728,ILUAU,1.2000000476837158,93.32869720458984,0.0,5948,261
1781523780197,IONO,0.10000000149011612,84.09850311279297,0.0,20476,248
1781523789715,IOHANA,0.8999999761581421,66.75039672851562,0.0,65395,899
1781523799136,ILUAU,1.2000000476837158,93.33039855957031,0.0,5949,262
1781523808550,IONO,0.4000000059604645,84.09870147705078,0.0,20477,249
1781523818050,IOHANA,15.5,66.7500991821289,0.0,65401,901
1781523827500,ILUAU,1.899999976158142,93.3290023803711,0.0,5948,261
1781523837030,IONO,0.30000001192092896,84.09839630126953,0.0,20476,248
1781523846875,IOHANA,2.5999999046325684,66.74960327148438,0.0,65407,899
1781523856385,ILUAU,2.0999999046325684,93.33070373535156,0.0,5949,262
1781523865792,IONO,0.30000001192092896,84.09870147705078,0.0,20477,249
1781523875363,IOHANA,1.899999976158142,66.7479019165039,0.0,65412,899
1781523885004,ILUAU,2.200000047683716,93.3290023803711,0.0,5948,261
1781523894431,IONO,0.30000001192092896,84.09850311279297,0.0,20476,248
1781523903845,IOHANA,3.0,66.74970245361328,0.0,65423,901
1781523913250,ILUAU,1.0,93.33100128173828,0.0,5949,262
1781523922652,IONO,0.30000001192092896,84.0988998413086,0.0,20477,249
1781523932212,IOHANA,1.0,66.752197265625,0.0,65430,901
1781523941673,ILUAU,1.2999999523162842,93.32890319824219,0.0,5948,261
1781523951393,IONO,0.20000000298023224,84.09860229492188,0.0,20476,248
1781523960948,IOHANA,1.0,66.74960327148438,0.0,65440,900
1781523970366,ILUAU,1.2999999523162842,93.33090209960938,0.0,5949,262
1781523979740,IONO,0.10000000149011612,84.0988998413086,0.0,20477,249
1781523989153,IOHANA,1.100000023841858,66.74919891357422,0.0,65443,900
1781523998560,ILUAU,1.2999999523162842,93.3292007446289,0.0,5948,261
1781524007967,IONO,0.10000000149011612,84.09860229492188,0.0,20476,248
1781524017448,IOHANA,1.5,66.7488021850586,0.0,65453,899
1781524026869,ILUAU,1.0,93.33100128173828,0.0,5949,262
1781524036248,IONO,0.30000001192092896,84.0988998413086,0.0,20477,249
1781524045718,IOHANA,1.100000023841858,66.74919891357422,0.0,65457,901
1781524055254,ILUAU,1.0,93.3292007446289,0.0,5948,261
1781524064648,IONO,0.10000000149011612,84.09860229492188,0.0,20476,248
1781524074160,IOHANA,1.0,66.7488021850586,0.0,65467,900
1781524085047,ILUAU,1.0,93.33090209960938,0.0,5949,262
1781524094594,IONO,0.30000001192092896,84.0988998413086,0.0,20477,249
1781524104284,IOHANA,1.0,66.75019836425781,0.0,65469,900
1781524113772,ILUAU,1.2000000476837158,93.3292007446289,0.0,5948,261
1781524123230,IONO,0.10000000149011612,84.09860229492188,0.0,20476,248
1781524132757,IOHANA,1.0,66.74909973144531,0.0,65479,899
1781524142218,ILUAU,1.0,93.33100128173828,0.0,5949,262
1781524151597,IONO,0.10000000149011612,84.09850311279297,0.0,20476,248
1781524161063,IOHANA,0.8999999761581421,66.74759674072266,0.0,65483,900
1781524170529,ILUAU,1.0,93.3292007446289,0.0,5948,261
1781524180019,IONO,0.10000000149011612,84.09819793701172,0.0,20475,247
1781524189507,IOHANA,1.0,66.74800109863281,0.0,65494,900
1781524199078,ILUAU,1.2000000476837158,93.33070373535156,0.0,5949,262
1781524208522,IONO,0.30000001192092896,84.09850311279297,0.0,20476,248
1781524218088,IOHANA,6.099999904632568,66.7468032836914,0.0,65500,899
1781524227525,ILUAU,0.8999999761581421,93.32669830322266,0.0,5947,260
1781524236883,IONO,0.10000000149011612,84.09819793701172,0.0,20475,247
1781524246365,IOHANA,4.5,66.74819946289062,0.0,65508,900
1781524255838,ILUAU,1.0,93.32859802246094,0.0,5948,261
1781524265264,IONO,0.30000001192092896,84.09850311279297,0.0,20476,248
1781524274779,IOHANA,0.8999999761581421,66.747802734375,0.0,65514,900
1781524284302,ILUAU,1.5,93.32679748535156,0.0,5947,260
1781524293710,IONO,0.10000000149011612,84.09829711914062,0.0,20475,247
1781524303212,IOHANA,5.300000190734863,66.75160217285156,0.0,65528,903
1781524313253,ILUAU,1.2000000476837158,93.32859802246094,0.0,5948,261
1781524322613,IONO,0.30000001192092896,84.09850311279297,0.0,20476,248
1781524332058,IOHANA,1.2999999523162842,66.75260162353516,0.0,65533,905
1781524341470,ILUAU,1.2000000476837158,93.32679748535156,0.0,5947,260
1781524351090,IONO,0.20000000298023224,84.09819793701172,0.0,20475,247
1781524360562,IOHANA,8.699999809265137,66.752197265625,0.0,65541,904
1781524370024,ILUAU,1.2000000476837158,93.34760284423828,0.0,5953,266
1781524379715,IONO,0.30000001192092896,84.09850311279297,0.0,20476,248
1781524389395,IOHANA,1.100000023841858,66.75270080566406,0.0,65545,904
1781524399179,ILUAU,1.2000000476837158,93.34590148925781,0.0,5952,265
1781524408714,IONO,0.30000001192092896,84.09819793701172,0.0,20475,247
1781524418163,IOHANA,8.600000381469727,66.75170135498047,0.0,65551,903
1781524427578,ILUAU,1.2000000476837158,93.34770202636719,0.0,5953,266
1781524442632,IONO,0.10000000149011612,84.09850311279297,0.0,20476,248
1781524452105,IOHANA,1.2000000476837158,66.7531967163086,0.0,65559,905
1781524461661,ILUAU,1.100000023841858,93.34590148925781,0.0,5952,265
1781524471059,IONO,0.10000000149011612,84.09829711914062,0.0,20475,247
1781524480529,IOHANA,6.800000190734863,66.75309753417969,0.0,65565,904
1781524489957,ILUAU,0.8999999761581421,93.34739685058594,0.0,5953,266
1781524499338,IONO,0.30000001192092896,84.09850311279297,0.0,20476,248
1781524509374,IOHANA,8.899999618530273,66.75370025634766,0.0,65575,905
1781524518884,ILUAU,1.2999999523162842,93.3458023071289,0.0,5952,265
1781524528342,IONO,0.30000001192092896,84.09829711914062,0.0,20475,247
1781524537820,IOHANA,6.800000190734863,66.75199890136719,0.0,65577,903
1781524547212,ILUAU,1.2000000476837158,93.34770202636719,0.0,5953,266
1781524557031,IONO,0.10000000149011612,84.09850311279297,0.0,20476,248
1781524566483,IOHANA,1.0,66.75250244140625,0.0,65587,904
1781524576008,ILUAU,1.899999976158142,93.34590148925781,0.0,5952,265
1781524585423,IONO,0.30000001192092896,84.09819793701172,0.0,20475,247
1781524594984,IOHANA,1.7000000476837158,66.75250244140625,0.0,65592,904
1781524604450,ILUAU,1.899999976158142,93.34770202636719,0.0,5953,266
1781524613875,IONO,0.30000001192092896,84.09850311279297,0.0,20476,248
1781524623409,IOHANA,4.800000190734863,66.74929809570312,0.0,65596,900
1781524633025,ILUAU,2.4000000953674316,93.34590148925781,0.0,5952,265
1781524642466,IONO,0.8999999761581421,84.09819793701172,0.0,20475,247
1781524652035,IOHANA,1.899999976158142,66.747802734375,0.0,65596,898
1781524661579,ILUAU,2.0999999046325684,93.34770202636719,0.0,5953,266
1781524670948,IONO,0.30000001192092896,84.09850311279297,0.0,20476,248
1781524680375,IOHANA,0.8999999761581421,66.74859619140625,0.0,65609,899
1781524689842,ILUAU,1.100000023841858,93.34649658203125,0.0,5952,265
1781524699306,IONO,0.0,84.09819793701172,0.0,20475,247
1781524708810,IOHANA,12.600000381469727,66.75039672851562,0.0,65612,899
1781524718468,ILUAU,1.100000023841858,93.34819793701172,0.0,5953,266
1781524727860,IONO,0.10000000149011612,84.09850311279297,0.0,20476,248
1781524737333,IOHANA,1.0,66.7488021850586,0.0,65624,898
1781524746840,ILUAU,1.2000000476837158,93.34609985351562,0.0,5952,265
1781524756249,IONO,0.10000000149011612,84.09719848632812,0.0,20474,246
1781524765686,IOHANA,1.2000000476837158,66.74749755859375,0.0,65624,896
1781524775131,ILUAU,1.0,93.347900390625,0.0,5953,266
1781524784536,IONO,0.30000001192092896,84.09750366210938,0.0,20475,247
1781524794019,IOHANA,1.0,66.747802734375,0.0,65636,897
1781524805739,ILUAU,199.0,93.32109832763672,0.0,5996,283
1781524815164,IONO,0.30000001192092896,84.09760284423828,0.0,20474,246
1781524824670,IOHANA,1.2000000476837158,66.7477035522461,0.0,65643,897
1781524834495,ILUAU,78.0,93.33219909667969,0.0,5957,270
1781524843899,IONO,0.30000001192092896,84.0978012084961,0.0,20475,247
1781524853377,IOHANA,1.0,66.74870300292969,0.0,65655,898
1781524863715,ILUAU,59.099998474121094,93.35569763183594,0.0,5955,268
1781524873177,IONO,0.30000001192092896,84.09760284423828,0.0,20474,246
1781524883050,IOHANA,1.100000023841858,66.74710083007812,0.0,65655,896
1781524893255,ILUAU,59.0,93.3572998046875,0.0,5956,269
1781524903191,IONO,0.10000000149011612,84.0978012084961,0.0,20475,247
1781524912877,IOHANA,1.100000023841858,66.74720001220703,0.0,65667,896
1781524922761,ILUAU,59.099998474121094,93.35549926757812,0.0,5955,268
1781524951161,IONO,0.10000000149011612,84.09760284423828,0.0,20474,246
1781524960653,IOHANA,8.5,66.74629974365234,0.0,65675,894
1781524970238,ILUAU,58.900001525878906,93.3572006225586,0.0,5956,269
1781524979673,IONO,0.10000000149011612,84.0978012084961,0.0,20475,247
1781524989124,IOHANA,1.0,66.74839782714844,0.0,65681,897
1781524998773,ILUAU,59.0,93.35549926757812,0.0,5955,268
1781525008260,IONO,0.10000000149011612,84.0969009399414,0.0,20473,245
1781525017697,IOHANA,7.0,66.74749755859375,0.0,65685,896
1781525027332,ILUAU,58.900001525878906,93.3572006225586,0.0,5956,269
1781525036758,IONO,0.30000001192092896,84.0978012084961,0.0,20475,247
1781525046279,IOHANA,1.399999976158142,66.7479019165039,0.0,65693,896
1781525057453,ILUAU,59.70000076293945,93.3551025390625,0.0,5955,268
1781525066812,IONO,0.10000000149011612,84.09760284423828,0.0,20474,246
1781525076285,IOHANA,3.700000047683716,66.74690246582031,0.0,65697,894
1781525085935,ILUAU,59.099998474121094,93.35690307617188,0.0,5956,269
1781525095298,IONO,0.10000000149011612,84.097900390625,0.0,20475,247
1781525104779,IOHANA,1.100000023841858,66.74690246582031,0.0,65705,895
1781525114440,ILUAU,59.400001525878906,93.35549926757812,0.0,5955,268
1781525123922,IONO,0.30000001192092896,84.09760284423828,0.0,20474,246
1781525133435,IOHANA,1.0,66.74659729003906,0.0,65712,895
1781525145330,ILUAU,58.900001525878906,93.3572998046875,0.0,5956,269
1781525157893,IONO,0.10000000149011612,84.097900390625,0.0,20475,247
1781525167809,IOHANA,1.2999999523162842,66.74849700927734,0.0,65726,898
1781525178080,ILUAU,59.20000076293945,93.35559844970703,0.0,5955,268
1781525187544,IONO,0.10000000149011612,84.09760284423828,0.0,20474,246
1781525197076,IOHANA,8.199999809265137,66.74849700927734,0.0,65730,896
1781525206661,ILUAU,58.900001525878906,93.3572998046875,0.0,5956,269
1781525216064,IONO,0.30000001192092896,84.097900390625,0.0,20475,247
1781525225579,IOHANA,1.0,66.747802734375,0.0,65738,897
1781525235284,ILUAU,59.099998474121094,93.35549926757812,0.0,5955,268
1781525244723,IONO,0.10000000149011612,84.09760284423828,0.0,20474,246
1781525254279,IOHANA,1.100000023841858,66.74610137939453,0.0,65738,897
1781525263903,ILUAU,59.79999923706055,93.3572998046875,0.0,5956,269
1781525273411,IONO,0.10000000149011612,84.097900390625,0.0,20475,247
1781525283168,IOHANA,1.100000023841858,66.74659729003906,0.0,65750,896
1781525296010,ILUAU,60.599998474121094,93.35549926757812,0.0,5955,268
1781525305524,IONO,0.30000001192092896,84.09760284423828,0.0,20474,246
1781525315026,IOHANA,0.8999999761581421,66.74559783935547,0.0,65752,894
1781525324633,ILUAU,60.29999923706055,93.3572998046875,0.0,5956,269
1781525334120,IONO,0.20000000298023224,84.097900390625,0.0,20475,247
1781525343729,IOHANA,2.5,66.74720001220703,0.0,65764,897
1781525353327,ILUAU,60.400001525878906,93.3552017211914,0.0,5955,268
1781525362897,IONO,0.10000000149011612,84.09760284423828,0.0,20474,246
1781525374189,IOHANA,1.0,66.74620056152344,0.0,65764,895
1781525386468,ILUAU,60.29999923706055,93.33989715576172,0.0,5951,264
1781525396358,IONO,0.10000000149011612,84.097900390625,0.0,20475,247
1781525406073,IOHANA,0.8999999761581421,66.74659729003906,0.0,65776,897
1781525416075,ILUAU,59.20000076293945,93.33809661865234,0.0,5950,263
1781525425592,IONO,0.10000000149011612,84.09760284423828,0.0,20474,246
1781525435062,IOHANA,0.800000011920929,66.74579620361328,0.0,65782,894
1781525444686,ILUAU,59.20000076293945,93.33450317382812,0.0,5950,263
1781525454119,IONO,0.10000000149011612,84.097900390625,0.0,20475,247
1781525463716,IOHANA,1.100000023841858,66.74649810791016,0.0,65792,895
1781525473180,ILUAU,59.0,93.33519744873047,0.0,5949,262
1781525482527,IONO,0.10000000149011612,84.09760284423828,0.0,20474,246
1781525492013,IOHANA,0.800000011920929,66.74620056152344,0.0,65794,894
1781525501471,ILUAU,59.20000076293945,93.33699798583984,0.0,5950,263
1781525510898,IONO,0.30000001192092896,84.097900390625,0.0,20475,247
1781525520363,IOHANA,1.0,66.74729919433594,0.0,65808,897
1781525529956,ILUAU,58.900001525878906,93.33529663085938,0.0,5949,262
1781525540003,IONO,0.30000001192092896,84.09760284423828,0.0,20474,246
1781525551039,IOHANA,1.100000023841858,66.74629974365234,0.0,65808,895
1781525564149,ILUAU,59.099998474121094,93.33699798583984,0.0,5950,263
1781525574181,IONO,0.30000001192092896,84.097900390625,0.0,20475,247
1781525583653,IOHANA,0.8999999761581421,66.74669647216797,0.0,65820,896
1781525593535,ILUAU,59.400001525878906,93.33489990234375,0.0,5949,262
1781525602974,IONO,0.30000001192092896,84.09760284423828,0.0,20474,246
1781525612455,IOHANA,1.2000000476837158,66.74659729003906,0.0,65822,896
1781525621949,ILUAU,59.0,93.33670043945312,0.0,5950,263
1781525631668,IONO,0.10000000149011612,84.097900390625,0.0,20475,247
1781525641544,IOHANA,1.100000023841858,66.74710083007812,0.0,65835,897
1781525651109,ILUAU,59.20000076293945,93.33519744873047,0.0,5949,262
1781525660812,IONO,0.30000001192092896,84.09760284423828,0.0,20474,246
1781525670258,IOHANA,0.8999999761581421,66.74610137939453,0.0,65835,895
1781525680005,ILUAU,59.0,93.33699798583984,0.0,5950,263
1781525689411,IONO,0.20000000298023224,84.097900390625,0.0,20475,247
1781525698899,IOHANA,1.600000023841858,66.74649810791016,0.0,65847,896
1781525709166,ILUAU,59.099998474121094,93.34100341796875,0.0,5951,264
1781525719712,IONO,0.10000000149011612,84.09770202636719,0.0,20474,246
1781525729378,IOHANA,1.100000023841858,66.74739837646484,0.0,65853,896
1781525738829,ILUAU,59.29999923706055,93.34249877929688,0.0,5952,265
1781525748284,IONO,0.10000000149011612,84.0979995727539,0.0,20475,247
1781525757730,IOHANA,0.8999999761581421,66.7479019165039,0.0,65865,897
1781525767385,ILUAU,59.099998474121094,93.3407974243164,0.0,5951,264
1781525776760,IONO,0.10000000149011612,84.09770202636719,0.0,20474,246
1781525786303,IOHANA,1.100000023841858,66.74690246582031,0.0,65865,895
1781525795834,ILUAU,59.20000076293945,93.34249877929688,0.0,5952,265
1781525805342,IONO,0.10000000149011612,84.0979995727539,0.0,20475,247
1781525814781,IOHANA,0.8999999761581421,66.74729919433594,0.0,65877,896
1781525824510,ILUAU,59.29999923706055,93.3407974243164,0.0,5951,264
1781525833838,IONO,0.30000001192092896,84.09770202636719,0.0,20474,246
1781525843304,IOHANA,0.8999999761581421,66.74749755859375,0.0,65879,896
1781525852776,ILUAU,59.20000076293945,93.34249877929688,0.0,5952,265
1781525862278,IONO,0.10000000149011612,84.0979995727539,0.0,20475,247
1781525872367,IOHANA,0.800000011920929,66.7479019165039,0.0,65891,897
1781525881888,ILUAU,58.900001525878906,93.3407974243164,0.0,5951,264
1781525891299,IONO,0.30000001192092896,84.09770202636719,0.0,20474,246
1781525900714,IOHANA,0.8999999761581421,66.74690246582031,0.0,65891,895
1781525910102,ILUAU,58.79999923706055,93.34239959716797,0.0,5952,265
1781525919504,IONO,0.10000000149011612,84.0979995727539,0.0,20475,247
1781525929555,IOHANA,1.100000023841858,66.7477035522461,0.0,65903,896
1781525939054,ILUAU,59.599998474121094,93.34030151367188,0.0,5951,264
1781525948961,IONO,0.20000000298023224,84.09770202636719,0.0,20474,246
1781525958448,IOHANA,1.100000023841858,66.7479019165039,0.0,65905,896
1781525967887,ILUAU,59.29999923706055,93.34210205078125,0.0,5952,265
1781525977262,IONO,0.30000001192092896,84.0979995727539,0.0,20475,247
1781525986737,IOHANA,4.400000095367432,66.74870300292969,0.0,65917,897
1781525996678,ILUAU,59.0,93.34030151367188,0.0,5951,264
1781526006634,IONO,0.4000000059604645,84.09770202636719,0.0,20474,246
1781526016055,IOHANA,1.0,66.74739837646484,0.0,65920,894
1781526025462,ILUAU,59.0,93.33989715576172,0.0,5951,264
1781526034884,IONO,0.4000000059604645,84.0979995727539,0.0,20475,247
1781526044291,IOHANA,1.0,66.747802734375,0.0,65926,895
1781526055313,ILUAU,59.400001525878906,93.33820343017578,0.0,5950,263
1781526064666,IONO,0.30000001192092896,84.09770202636719,0.0,20474,246
1781526074200,IOHANA,1.100000023841858,66.74800109863281,0.0,65934,894
1781526083617,ILUAU,59.400001525878906,93.339599609375,0.0,5951,264
1781526092994,IONO,0.20000000298023224,84.0979995727539,0.0,20475,247
1781526102456,IOHANA,8.399999618530273,66.74839782714844,0.0,65944,898
1781526111849,ILUAU,58.900001525878906,93.33789825439453,0.0,5950,263
1781526121196,IONO,0.10000000149011612,84.0978012084961,0.0,20474,246
1781526130586,IOHANA,1.0,66.74829864501953,0.0,65948,894
1781526140092,ILUAU,59.099998474121094,93.33989715576172,0.0,5951,264
1781526149822,IONO,0.30000001192092896,84.0979995727539,0.0,20475,247
1781526159387,IOHANA,5.199999809265137,66.7479019165039,0.0,65956,895
1781526168914,ILUAU,59.29999923706055,93.33820343017578,0.0,5950,263
1781526178315,IONO,0.30000001192092896,84.09770202636719,0.0,20474,246
1781526187946,IOHANA,1.0,66.7477035522461,0.0,65960,894
1781526197367,ILUAU,58.79999923706055,93.33999633789062,0.0,5951,264
1781526206774,IONO,0.30000001192092896,84.09619903564453,0.0,20474,246
1781526216352,IOHANA,4.099999904632568,66.74839782714844,0.0,65968,896
1781526225884,ILUAU,59.0,93.33820343017578,0.0,5950,263
1781526235284,IONO,0.30000001192092896,84.09649658203125,0.0,20474,246
1781526246464,IOHANA,1.399999976158142,66.74919891357422,0.0,65976,897
1781526255977,ILUAU,59.29999923706055,93.33999633789062,0.0,5951,264
1781526265533,IONO,0.30000001192092896,84.0979995727539,0.0,20475,247
1781526274977,IOHANA,0.800000011920929,66.74839782714844,0.0,65980,897
1781526284438,ILUAU,59.20000076293945,93.33820343017578,0.0,5950,263
1781526293816,IONO,0.30000001192092896,84.09770202636719,0.0,20474,246
1781526303824,IOHANA,1.100000023841858,66.74800109863281,0.0,65988,896
1781526313248,ILUAU,58.900001525878906,93.33999633789062,0.0,5951,264
1781526322680,IONO,0.10000000149011612,84.0979995727539,0.0,20475,247
1781526332113,IOHANA,1.100000023841858,66.7490005493164,0.0,65996,898
1781526341566,ILUAU,59.099998474121094,93.33789825439453,0.0,5950,263
1781526350981,IONO,0.30000001192092896,84.09770202636719,0.0,20474,246
1781526360451,IOHANA,0.8999999761581421,66.75070190429688,0.0,66006,897
1781526370052,ILUAU,59.099998474121094,93.3396987915039,0.0,5951,264
1781526379468,IONO,0.10000000149011612,84.097900390625,0.0,20475,247
1781526388992,IOHANA,1.2000000476837158,66.75050354003906,0.0,66008,897
1781526398446,ILUAU,59.099998474121094,93.33820343017578,0.0,5950,263
1781526407854,IONO,0.30000001192092896,84.09770202636719,0.0,20474,246
1781526417414,IOHANA,2.299999952316284,66.75019836425781,0.0,66018,896
1781526426949,ILUAU,59.099998474121094,93.34600067138672,0.0,5953,266
1781526436537,IONO,0.30000001192092896,84.0979995727539,0.0,20475,247
1781526446822,IOHANA,1.2000000476837158,66.75050354003906,0.0,66022,896
1781526457196,ILUAU,59.0,93.34420013427734,0.0,5952,265
1781526467632,IONO,0.10000000149011612,84.09770202636719,0.0,20474,246
1781526477405,IOHANA,1.0,66.75019836425781,0.0,66032,895
1781526486902,ILUAU,59.0,93.34590148925781,0.0,5953,266
1781526496781,IONO,0.30000001192092896,84.0979995727539,0.0,20475,247
1781526507826,IOHANA,1.100000023841858,66.75060272216797,0.0,66036,897
1781526517341,ILUAU,59.099998474121094,93.34420013427734,0.0,5952,265
1781526526695,IONO,0.10000000149011612,84.09770202636719,0.0,20474,246
1781526537247,IOHANA,1.0,66.75029754638672,0.0,66046,896
1781526546930,ILUAU,59.099998474121094,93.34590148925781,0.0,5953,266
1781526556637,IONO,0.20000000298023224,84.0979995727539,0.0,20475,247
1781526566180,IOHANA,1.0,66.75,0.0,66048,896
1781526575811,ILUAU,59.29999923706055,93.34420013427734,0.0,5952,265
1781526585243,IONO,0.30000001192092896,84.09770202636719,0.0,20474,246
1781526594726,IOHANA,1.0,66.74960327148438,0.0,66058,895
1781526604227,ILUAU,59.20000076293945,93.34619903564453,0.0,5953,266
1781526613587,IONO,0.30000001192092896,84.09819793701172,0.0,20475,247
1781526623085,IOHANA,0.800000011920929,66.75090026855469,0.0,66066,896
1781526632588,ILUAU,59.29999923706055,93.3364028930664,0.0,5950,263
1781526641977,IONO,0.30000001192092896,84.097900390625,0.0,20474,246
1781526651470,IOHANA,1.100000023841858,66.75170135498047,0.0,66076,895
1781526661968,ILUAU,59.099998474121094,93.34040069580078,0.0,5951,264
1781526671313,IONO,0.30000001192092896,84.09819793701172,0.0,20475,247
1781526680956,IOHANA,1.0,66.75090026855469,0.0,66080,897
1781526690498,ILUAU,58.900001525878906,93.3386001586914,0.0,5950,263
1781526699820,IONO,0.30000001192092896,84.097900390625,0.0,20474,246
1781526709525,IOHANA,0.8999999761581421,66.75090026855469,0.0,66090,896
1781526719069,ILUAU,59.0,93.34010314941406,0.0,5951,264
1781526728492,IONO,0.30000001192092896,84.09829711914062,0.0,20475,247
1781526737911,IOHANA,1.399999976158142,66.7500991821289,0.0,66092,896
1781526747336,ILUAU,59.29999923706055,93.3386001586914,0.0,5950,263
1781526756750,IONO,0.10000000149011612,84.09929656982422,0.0,20476,248
1781526766216,IOHANA,6.199999809265137,66.74949645996094,0.0,66102,895
1781526775704,ILUAU,59.099998474121094,93.34040069580078,0.0,5951,264
1781526785033,IONO,0.30000001192092896,84.0988998413086,0.0,20475,247
1781526794517,IOHANA,0.8999999761581421,66.75039672851562,0.0,66106,896
1781526804218,ILUAU,59.099998474121094,93.3386001586914,0.0,5950,263
1781526813618,IONO,0.10000000149011612,84.1001968383789,0.0,20476,248
1781526850405,ILUAU,1.2000000476837158,93.33670043945312,0.0,5950,263
1781526859864,IONO,0.30000001192092896,84.10060119628906,0.0,20475,247
1781526869299,IOHANA,0.8999999761581421,66.75650024414062,0.0,66122,900
1781526878711,ILUAU,1.0,93.33480072021484,0.0,5949,262
1781526888086,IONO,0.10000000149011612,84.10079956054688,0.0,20476,248
1781526897524,IOHANA,1.0,66.75679779052734,0.0,66134,901
1781526906881,ILUAU,1.0,93.3333969116211,0.0,5949,262
1781526916308,IONO,0.30000001192092896,84.10070037841797,0.0,20475,247
1781526926273,IOHANA,1.399999976158142,66.75589752197266,0.0,66138,899
1781526935713,ILUAU,1.2000000476837158,93.331298828125,0.0,5948,261
1781526945143,IONO,0.10000000149011612,84.10089874267578,0.0,20476,248
1781526957275,IOHANA,1.100000023841858,66.75630187988281,0.0,66150,900
1781526966678,ILUAU,1.0,93.3333969116211,0.0,5949,262
1781526976102,IONO,0.30000001192092896,84.10060119628906,0.0,20475,247
1781526986194,IOHANA,1.0,66.7573013305664,0.0,66153,900
1781526995622,ILUAU,1.2000000476837158,93.33190155029297,0.0,5948,261
1781527005165,IONO,0.30000001192092896,84.10089874267578,0.0,20476,248
1781527014656,IOHANA,0.8999999761581421,66.75769805908203,0.0,66165,901
1781527024149,ILUAU,1.0,93.33370208740234,0.0,5949,262
1781527033478,IONO,0.30000001192092896,84.10289764404297,0.0,20475,247
1781527042885,IOHANA,1.100000023841858,66.75740051269531,0.0,66167,901
1781527052977,ILUAU,1.2000000476837158,93.33190155029297,0.0,5948,261
1781527062363,IONO,0.30000001192092896,84.10320281982422,0.0,20476,248
1781527071944,IOHANA,1.0,66.75779724121094,0.0,66179,902
1781527081356,ILUAU,1.2000000476837158,93.33370208740234,0.0,5949,262
1781527092055,IONO,0.10000000149011612,84.10289764404297,0.0,20475,247
1781527103087,IOHANA,0.8999999761581421,66.75509643554688,0.0,66180,899
1781527113926,ILUAU,1.2000000476837158,93.33190155029297,0.0,5948,261
1781527125592,IONO,0.30000001192092896,84.10320281982422,0.0,20476,248
1781527135072,IOHANA,1.100000023841858,66.75540161132812,0.0,66192,901
1781527144529,ILUAU,1.2000000476837158,93.33820343017578,0.0,5951,264
1781527153852,IONO,0.0,84.10289764404297,0.0,20475,247
1781527163329,IOHANA,0.800000011920929,66.75859832763672,0.0,66195,901
1781527172832,ILUAU,1.2000000476837158,93.3364028930664,0.0,5950,263
1781527182232,IONO,0.30000001192092896,84.10320281982422,0.0,20476,248
1781527191729,IOHANA,0.8999999761581421,66.75589752197266,0.0,66204,899
1781527201166,ILUAU,1.0,93.3385009765625,0.0,5951,264
1781527210538,IONO,0.30000001192092896,84.10299682617188,0.0,20475,247
1781527220018,IOHANA,1.100000023841858,66.7605972290039,0.0,66217,906
1781527229734,ILUAU,1.2000000476837158,93.33429718017578,0.0,5949,262
1781527239525,IONO,0.30000001192092896,84.10320281982422,0.0,20476,248
1781527249071,IOHANA,8.600000381469727,66.76020050048828,0.0,66225,905
1781527260088,ILUAU,1.2999999523162842,93.33609771728516,0.0,5950,263
1781527270153,IONO,0.30000001192092896,84.10299682617188,0.0,20475,247
1781527280916,IOHANA,1.100000023841858,66.7593002319336,0.0,66229,905
1781527290477,ILUAU,1.2000000476837158,93.33429718017578,0.0,5949,262
1781527299880,IONO,0.10000000149011612,84.10330200195312,0.0,20476,248
1781527334475,IOHANA,1.0,66.62870025634766,0.0,66239,773
1781527343899,ILUAU,1.2000000476837158,93.33609771728516,0.0,5950,263
1781527353275,IONO,0.10000000149011612,84.10299682617188,0.0,20475,247
1781527362761,IOHANA,8.300000190734863,66.62699890136719,0.0,66251,774
1781527372194,ILUAU,1.2000000476837158,93.33429718017578,0.0,5949,262
1781527381540,IONO,0.30000001192092896,84.10330200195312,0.0,20476,248
1781527390994,IOHANA,1.7000000476837158,66.62660217285156,0.0,66251,772
1781527400395,ILUAU,1.2000000476837158,93.33550262451172,0.0,5950,263
1781527409839,IONO,0.30000001192092896,84.10299682617188,0.0,20475,247
1781527419352,IOHANA,1.0,66.62689971923828,0.0,66259,773
1781527428775,ILUAU,1.0,93.33380126953125,0.0,5949,262
1781527438284,IONO,0.30000001192092896,84.10330200195312,0.0,20476,248
1781527447759,IOHANA,1.0,66.62670135498047,0.0,66263,772
1781527457181,ILUAU,1.2000000476837158,93.33560180664062,0.0,5950,263
1781527466640,IONO,0.30000001192092896,84.10299682617188,0.0,20475,247
1781527476102,IOHANA,0.8999999761581421,66.62699890136719,0.0,66269,772
1781527485603,ILUAU,1.0,93.33350372314453,0.0,5949,262
1781527494986,IONO,0.10000000149011612,84.10320281982422,0.0,20476,248
1781527504498,IOHANA,1.0,66.62560272216797,0.0,66275,771
1781527514104,ILUAU,1.2999999523162842,93.33599853515625,0.0,5950,263
1781527523446,IONO,0.10000000149011612,84.10299682617188,0.0,20475,247
1781527532990,IOHANA,1.100000023841858,66.625,0.0,66281,771
1781527542384,ILUAU,1.2000000476837158,93.33409881591797,0.0,5949,262
1781527551805,IONO,0.30000001192092896,84.10330200195312,0.0,20476,248
1781527561227,IOHANA,0.8999999761581421,66.62460327148438,0.0,66291,770
1781527570665,ILUAU,0.8999999761581421,93.33589935302734,0.0,5950,263
1781527580053,IONO,0.4000000059604645,84.10299682617188,0.0,20475,247
1781527589556,IOHANA,0.800000011920929,66.62429809570312,0.0,66293,770
1781527598981,ILUAU,2.0999999046325684,93.33409881591797,0.0,5949,262
1781527611309,IONO,0.4000000059604645,84.10330200195312,0.0,20476,248
1781527621500,IOHANA,3.0,66.6239013671875,0.0,66303,769
1781527631048,ILUAU,1.600000023841858,93.33589935302734,0.0,5950,263
1781527640539,IONO,0.4000000059604645,84.10299682617188,0.0,20475,247
1781527650155,IOHANA,1.7999999523162842,66.62359619140625,0.0,66305,769
1781527659713,ILUAU,2.200000047683716,93.33409881591797,0.0,5949,262
1781527669374,IONO,0.10000000149011612,84.10330200195312,0.0,20476,248
1781527678805,IOHANA,0.8999999761581421,66.62329864501953,0.0,66315,768
1781527688281,ILUAU,1.5,93.33589935302734,0.0,5950,263
1781527697618,IONO,0.10000000149011612,84.10299682617188,0.0,20475,247
1781527707180,IOHANA,1.0,66.62300109863281,0.0,66317,768
1781527716651,ILUAU,1.0,93.33409881591797,0.0,5949,262
1781527726867,IONO,0.30000001192092896,84.10330200195312,0.0,20476,248
1781527736369,IOHANA,1.7000000476837158,66.62229919433594,0.0,66327,767
1781527745863,ILUAU,1.2999999523162842,93.33589935302734,0.0,5950,263
1781527755275,IONO,0.30000001192092896,84.10299682617188,0.0,20475,247
1781527764771,IOHANA,1.0,66.62210083007812,0.0,66329,767
1781527774505,ILUAU,1.2000000476837158,93.33409881591797,0.0,5949,262
1781527783909,IONO,0.30000001192092896,84.10330200195312,0.0,20476,248
1781527793414,IOHANA,0.8999999761581421,66.62169647216797,0.0,66339,766
1781527802872,ILUAU,1.2999999523162842,93.33589935302734,0.0,5950,263
1781527812289,IONO,0.10000000149011612,84.10299682617188,0.0,20475,247
1781527821833,IOHANA,1.0,66.62120056152344,0.0,66345,766
1781527831319,ILUAU,1.2000000476837158,93.3313980102539,0.0,5948,261
1781527840986,IONO,0.4000000059604645,84.10330200195312,0.0,20476,248
1781527850836,IOHANA,1.0,66.62129974365234,0.0,66355,765
1781527860289,ILUAU,1.2999999523162842,93.33319854736328,0.0,5949,262
1781527869848,IONO,0.10000000149011612,84.10299682617188,0.0,20475,247
1781527879413,IOHANA,1.100000023841858,66.62090301513672,0.0,66357,765
1781527889020,ILUAU,1.2000000476837158,93.33170318603516,0.0,5948,261
1781527898431,IONO,0.30000001192092896,84.10330200195312,0.0,20476,248
1781527907930,IOHANA,1.100000023841858,66.62110137939453,0.0,66367,764
1781527917404,ILUAU,1.2000000476837158,93.33319854736328,0.0,5949,262
1781527926872,IONO,0.30000001192092896,84.10299682617188,0.0,20475,247
1781527936363,IOHANA,1.100000023841858,66.62090301513672,0.0,66369,764
1781527945806,ILUAU,1.0,93.33149719238281,0.0,5948,261
1781527955194,IONO,0.30000001192092896,84.10260009765625,0.0,20475,247
1781527964704,IOHANA,8.5,66.62059783935547,0.0,66379,763
1781527974511,ILUAU,1.0,93.35260009765625,0.0,5954,267
1781527983962,IONO,0.30000001192092896,84.10299682617188,0.0,20475,247
1781527993447,IOHANA,0.8999999761581421,66.62010192871094,0.0,66381,763
1781528003215,ILUAU,1.2000000476837158,93.35089874267578,0.0,5953,266
1781528012696,IONO,0.20000000298023224,84.10330200195312,0.0,20476,248
1781528022253,IOHANA,6.300000190734863,66.61969757080078,0.0,66389,762
1781528032055,ILUAU,2.0999999046325684,93.35269927978516,0.0,5954,267
1781528041462,IONO,0.4000000059604645,84.10299682617188,0.0,20475,247
1781528051132,IOHANA,2.0,66.61949920654297,0.0,66393,762
1781528061086,ILUAU,1.899999976158142,93.35089874267578,0.0,5953,266
1781528070695,IONO,0.4000000059604645,84.10330200195312,0.0,20476,248
1781528080315,IOHANA,14.100000381469727,66.61910247802734,0.0,66399,763
1781528090054,ILUAU,1.2999999523162842,93.35269927978516,0.0,5954,267
1781528099487,IONO,0.30000001192092896,84.10299682617188,0.0,20475,247
1781528109039,IOHANA,7.900000095367432,66.61959838867188,0.0,66409,762
1781528118695,ILUAU,1.2999999523162842,93.35089874267578,0.0,5953,266
1781528128108,IONO,0.10000000149011612,84.10330200195312,0.0,20476,248
1781528137644,IOHANA,1.0,66.61810302734375,0.0,66409,762
1781528147324,ILUAU,1.2999999523162842,93.35269927978516,0.0,5954,267
1781528156817,IONO,0.30000001192092896,84.10299682617188,0.0,20475,247
1781528166369,IOHANA,1.0,66.61959838867188,0.0,66421,761
1781528176070,ILUAU,1.2000000476837158,93.35089874267578,0.0,5953,266
1781528185534,IONO,0.10000000149011612,84.10330200195312,0.0,20476,248
1781528195022,IOHANA,1.100000023841858,66.6176986694336,0.0,66423,758
1781528204533,ILUAU,1.100000023841858,93.35269927978516,0.0,5954,267
1781528213945,IONO,0.10000000149011612,84.10299682617188,0.0,20475,247
1781528223445,IOHANA,2.5,66.6144027709961,0.0,66428,754
1781528233090,ILUAU,1.2000000476837158,93.35070037841797,0.0,5953,266
1781528242545,IONO,0.30000001192092896,84.10330200195312,0.0,20476,248
1781528252212,IOHANA,1.100000023841858,66.60929870605469,0.0,66428,747
1781528261757,ILUAU,1.0,93.35269927978516,0.0,5954,267
1781528271181,IONO,0.30000001192092896,84.10299682617188,0.0,20475,247
1781528280664,IOHANA,1.0,66.61270141601562,0.0,66443,749
1781528290242,ILUAU,1.0,93.35089874267578,0.0,5953,266
1781528299648,IONO,0.10000000149011612,84.10330200195312,0.0,20476,248
1781528309239,IOHANA,0.8999999761581421,66.60790252685547,0.0,66444,743
1781528318837,ILUAU,1.2000000476837158,93.35269927978516,0.0,5954,267
1781528328915,IONO,0.30000001192092896,84.10299682617188,0.0,20475,247
1781528338480,IOHANA,1.100000023841858,66.6072998046875,0.0,66456,743
1781528348206,ILUAU,1.2000000476837158,93.35099792480469,0.0,5953,266
1781528357681,IONO,0.30000001192092896,84.10330200195312,0.0,20476,248
1781528367191,IOHANA,0.800000011920929,66.60549926757812,0.0,66456,740
1781528376805,ILUAU,1.0,93.35279846191406,0.0,5954,267
1781528386351,IONO,0.30000001192092896,84.10299682617188,0.0,20475,247
1781528395905,IOHANA,1.2999999523162842,66.6052017211914,0.0,66468,740
1781528405602,ILUAU,1.0,93.35130310058594,0.0,5953,266
1781528415121,IONO,0.30000001192092896,84.10350036621094,0.0,20476,248
1781528424605,IOHANA,0.8999999761581421,66.6011962890625,0.0,66472,733
1781528435040,ILUAU,1.0,93.40139770507812,0.0,5966,279
1781528444564,IONO,0.30000001192092896,84.10320281982422,0.0,20475,247
1781528454345,IOHANA,10.600000381469727,66.60240173339844,0.0,66484,733
1781528465620,ILUAU,1.5,93.42019653320312,0.0,5971,284
1781528475151,IONO,0.30000001192092896,84.10350036621094,0.0,20476,248
1781528484633,IOHANA,2.9000000953674316,66.60279846191406,0.0,66484,731
1781528495273,ILUAU,12.800000190734863,93.44270324707031,0.0,5972,285
1781528505258,IONO,0.30000001192092896,84.10320281982422,0.0,20475,247
1781528514821,IOHANA,7.099999904632568,66.60260009765625,0.0,66496,732
1781528524772,ILUAU,18.0,93.44090270996094,0.0,5971,284
1781528534201,IONO,0.10000000149011612,84.10350036621094,0.0,20476,248
1781528543680,IOHANA,1.0,66.60209655761719,0.0,66496,730
1781528553445,ILUAU,1.2999999523162842,93.4280014038086,0.0,5972,285
1781528562820,IONO,0.10000000149011612,84.10320281982422,0.0,20475,247
1781528572386,IOHANA,1.0,66.60240173339844,0.0,66508,731
1781528582378,ILUAU,4.5,93.4291000366211,0.0,5971,284
1781528591848,IONO,0.10000000149011612,84.10350036621094,0.0,20476,248
1781528601385,IOHANA,1.2000000476837158,66.60099792480469,0.0,66508,729
1781528611007,ILUAU,1.0,93.43199920654297,0.0,5972,285
1781528620526,IONO,0.30000001192092896,84.10320281982422,0.0,20475,247
1781528630021,IOHANA,1.0,66.60130310058594,0.0,66520,730
1781528639863,ILUAU,1.100000023841858,93.43049621582031,0.0,5971,284
1781528649304,IONO,0.30000001192092896,84.10350036621094,0.0,20476,248
1781528658844,IOHANA,0.800000011920929,66.6001968383789,0.0,66520,728
1781528668445,ILUAU,1.2000000476837158,93.43260192871094,0.0,5972,285
1781528677861,IONO,0.10000000149011612,84.10320281982422,0.0,20475,247
1781528687366,IOHANA,1.0,66.60050201416016,0.0,66532,729
1781528697790,ILUAU,1.0,93.43049621582031,0.0,5971,284
1781528707405,IONO,0.20000000298023224,84.10350036621094,0.0,20476,248
1781528717007,IOHANA,1.2000000476837158,66.59929656982422,0.0,66536,727
1781528726683,ILUAU,1.0,93.43229675292969,0.0,5972,285
1781528736117,IONO,0.30000001192092896,84.10320281982422,0.0,20475,247
1781528745599,IOHANA,8.399999618530273,66.59970092773438,0.0,66544,728
1781528755393,ILUAU,1.2999999523162842,93.43080139160156,0.0,5971,284
1781528764867,IONO,0.30000001192092896,84.10350036621094,0.0,20476,248
1781528774507,IOHANA,1.0,66.59850311279297,0.0,66548,726
1781528784775,ILUAU,1.0,93.43260192871094,0.0,5972,285
1781528794601,IONO,0.10000000149011612,84.10320281982422,0.0,20475,247
1781528804226,IOHANA,1.100000023841858,66.5999984741211,0.0,66560,727
1781528815493,ILUAU,1.2000000476837158,93.43080139160156,0.0,5971,284
1781528825200,IONO,0.20000000298023224,84.10350036621094,0.0,20476,248
1781528835535,IOHANA,0.800000011920929,66.59739685058594,0.0,66560,761
1781528845803,ILUAU,1.2999999523162842,93.43260192871094,0.0,5972,285
1781528855416,IONO,0.4000000059604645,84.10320281982422,0.0,20475,247
1781528865059,IOHANA,1.5,66.64230346679688,0.0,66644,794
1781528874914,ILUAU,1.0,93.43080139160156,0.0,5971,284
1781528887192,IONO,0.30000001192092896,84.10350036621094,0.0,20476,248
1781528896727,IOHANA,1.5,66.64070129394531,0.0,66644,792
1781528906340,ILUAU,1.2999999523162842,93.43260192871094,0.0,5972,285
1781528915782,IONO,0.4000000059604645,84.10320281982422,0.0,20475,247
1781528925359,IOHANA,8.600000381469727,66.64199829101562,0.0,66656,793
1781528935209,ILUAU,1.0,93.43049621582031,0.0,5971,284
1781528944743,IONO,0.10000000149011612,84.10350036621094,0.0,20476,248
1781528954319,IOHANA,1.100000023841858,66.6427993774414,0.0,66658,793
1781528963900,ILUAU,1.0,93.43260192871094,0.0,5967,280
1781528973462,IONO,0.10000000149011612,84.10330200195312,0.0,20475,247
1781528983042,IOHANA,8.600000381469727,66.64360046386719,0.0,66668,796
1781528994305,ILUAU,1.2000000476837158,93.41349792480469,0.0,5966,279
1781529005430,IONO,0.10000000149011612,84.10350036621094,0.0,20476,248
1781529015320,IOHANA,0.8999999761581421,66.6427001953125,0.0,66674,792
1781529025086,ILUAU,1.2999999523162842,93.40740203857422,0.0,5965,278
1781529034620,IONO,0.30000001192092896,84.10320281982422,0.0,20475,247
1781529044464,IOHANA,1.0,66.64350128173828,0.0,66682,793
1781529054443,ILUAU,1.2999999523162842,93.40689849853516,0.0,5964,277
1781529063984,IONO,0.10000000149011612,84.10350036621094,0.0,20476,248
1781529073959,IOHANA,1.399999976158142,66.64330291748047,0.0,66688,793
1781529083553,ILUAU,1.2999999523162842,93.40869903564453,0.0,5965,278
1781529093244,IONO,0.10000000149011612,84.10340118408203,0.0,20475,247
1781529102795,IOHANA,8.399999618530273,66.64869689941406,0.0,66704,802
1781529112535,ILUAU,0.8999999761581421,93.40689849853516,0.0,5964,277
1781529122810,IONO,0.30000001192092896,84.10369873046875,0.0,20476,248
1781529132740,IOHANA,0.8999999761581421,66.64830017089844,0.0,66708,800
1781529143986,ILUAU,1.2000000476837158,93.40869903564453,0.0,5965,278
1781529153598,IONO,0.10000000149011612,84.10340118408203,0.0,20475,247
1781529163273,IOHANA,5.800000190734863,66.64830017089844,0.0,66720,801
1781529172999,ILUAU,1.2999999523162842,93.40689849853516,0.0,5964,277
1781529182862,IONO,0.30000001192092896,84.10369873046875,0.0,20476,248
1781529192572,IOHANA,1.2000000476837158,66.65010070800781,0.0,66723,801
1781529202113,ILUAU,1.0,93.40869903564453,0.0,5965,278
1781529211644,IONO,0.30000001192092896,84.10340118408203,0.0,20475,247
1781529224303,IOHANA,8.399999618530273,66.65080261230469,0.0,66735,802
1781529235730,ILUAU,1.2999999523162842,93.40689849853516,0.0,5964,277
1781529245271,IONO,0.10000000149011612,84.10369873046875,0.0,20476,248
1781529256916,IOHANA,0.8999999761581421,66.64900207519531,0.0,66735,800
1781529266714,ILUAU,1.0,93.40869903564453,0.0,5965,278
1781529276729,IONO,0.10000000149011612,84.10340118408203,0.0,20475,247
1781529286462,IOHANA,1.0,66.64929962158203,0.0,66747,801
1781529296081,ILUAU,1.2999999523162842,93.40689849853516,0.0,5964,277
1781529305728,IONO,0.4000000059604645,84.10379791259766,0.0,20476,248
1781529315524,IOHANA,1.0,66.65049743652344,0.0,66753,801
1781529324990,ILUAU,1.0,93.40959930419922,0.0,5965,278
1781529334748,IONO,0.30000001192092896,84.10359954833984,0.0,20475,247
1781529344268,IOHANA,1.0,66.65049743652344,0.0,66761,800
1781529353848,ILUAU,0.8999999761581421,93.40769958496094,0.0,5964,277
1781529363419,IONO,0.10000000149011612,84.10379791259766,0.0,20476,248
1781529373240,IOHANA,4.5,66.64869689941406,0.0,66765,799
1781529382864,ILUAU,1.2000000476837158,93.4094009399414,0.0,5965,278
1781529396312,IONO,0.20000000298023224,84.10359954833984,0.0,20475,247
1781529406107,IOHANA,0.8999999761581421,66.65470123291016,0.0,66785,805
1781529416163,ILUAU,1.100000023841858,93.40740203857422,0.0,5964,277
1781529425707,IONO,0.30000001192092896,84.10389709472656,0.0,20476,248
1781529435439,IOHANA,47.099998474121094,66.66100311279297,0.0,66787,805
1781529445107,ILUAU,1.0,93.40910339355469,0.0,5965,278
1781529454851,IONO,0.20000000298023224,84.10359954833984,0.0,20475,247
1781529464464,IOHANA,46.5,66.66400146484375,0.0,66801,808
1781529474158,ILUAU,1.2999999523162842,93.4072036743164,0.0,5964,277
1781529490127,IONO,0.10000000149011612,84.10379791259766,0.0,20476,248
1781529515160,IOHANA,19.600000381469727,66.66230010986328,0.0,66803,806
1781529531993,ILUAU,1.0,93.4093017578125,0.0,5965,278
1781529541532,IONO,0.10000000149011612,84.10359954833984,0.0,20475,247
1781529551308,IOHANA,0.8999999761581421,66.65560150146484,0.0,66813,806
1781529560911,ILUAU,1.0,93.40750122070312,0.0,5964,277
1781529570741,IONO,0.10000000149011612,84.10379791259766,0.0,20476,248
1781529581164,IOHANA,8.5,66.65589904785156,0.0,66820,805
1781529590796,ILUAU,1.0,93.4093017578125,0.0,5965,278
1781529600356,IONO,0.10000000149011612,84.10359954833984,0.0,20475,247
1781529609946,IOHANA,1.899999976158142,66.65630340576172,0.0,66829,806
1781529619570,ILUAU,0.8999999761581421,93.40750122070312,0.0,5964,277
1781529629082,IONO,0.30000001192092896,84.10379791259766,0.0,20476,248
1781529638740,IOHANA,3.0,66.65679931640625,0.0,66831,804
1781529648381,ILUAU,1.0,93.40149688720703,0.0,5963,276
1781529658181,IONO,0.20000000298023224,84.10359954833984,0.0,20475,247
1781529667846,IOHANA,1.399999976158142,66.65550231933594,0.0,66841,805
1781529677514,ILUAU,1.0,93.39109802246094,0.0,5960,273
1781529687549,IONO,0.4000000059604645,84.10379791259766,0.0,20476,248
1781529697201,IOHANA,8.5,66.6552963256836,0.0,66845,803
1781529706790,ILUAU,1.0,93.38880157470703,0.0,5960,273
1781529716375,IONO,0.20000000298023224,84.10359954833984,0.0,20475,247
1781529725969,IOHANA,1.0,66.65470123291016,0.0,66853,804
1781529735546,ILUAU,1.100000023841858,93.3770980834961,0.0,5957,270
1781529745189,IONO,0.4000000059604645,84.1041030883789,0.0,20480,252
1781529754869,IOHANA,1.0,66.65630340576172,0.0,66858,803
1781529764561,ILUAU,1.2999999523162842,93.37470245361328,0.0,5957,270
1781529774146,IONO,0.20000000298023224,84.10549926757812,0.0,20479,251
1781529783850,IOHANA,0.8999999761581421,66.65670013427734,0.0,66868,804
1781529793495,ILUAU,1.2000000476837158,93.36900329589844,0.0,5955,268
1781529803119,IONO,0.30000001192092896,84.10579681396484,0.0,20480,252
1781529812940,IOHANA,0.8999999761581421,66.65519714355469,0.0,66868,802
1781529822686,ILUAU,1.2000000476837158,93.36540222167969,0.0,5955,268
1781529832732,IONO,0.10000000149011612,84.10559844970703,0.0,20479,251
1781529842331,IOHANA,1.899999976158142,66.65570068359375,0.0,66880,803
1781529852083,ILUAU,1.2999999523162842,93.35399627685547,0.0,5952,265
1781529861827,IONO,0.20000000298023224,84.10579681396484,0.0,20480,252
1781529871716,IOHANA,2.5,66.65470123291016,0.0,66880,801
1781529881422,ILUAU,1.0,93.35030364990234,0.0,5952,265
1781529891163,IONO,0.20000000298023224,84.10579681396484,0.0,20479,251
1781529900876,IOHANA,0.8999999761581421,66.65509796142578,0.0,66892,802
1781529910956,ILUAU,1.2999999523162842,93.34449768066406,0.0,5950,263
1781529920621,IONO,0.4000000059604645,84.1061019897461,0.0,20480,252
1781529930413,IOHANA,0.8999999761581421,66.65350341796875,0.0,66896,799
1781529940252,ILUAU,1.2000000476837158,93.34210205078125,0.0,5950,263
1781529950081,IONO,0.30000001192092896,84.10540008544922,0.0,20479,251
1781529960013,IOHANA,1.0,66.65299987792969,0.0,66908,800
1781529970134,ILUAU,1.2000000476837158,93.33619689941406,0.0,5948,261
1781529979757,IONO,0.30000001192092896,84.10569763183594,0.0,20480,252
1781529990702,IOHANA,1.0,66.65170288085938,0.0,66908,798
1781530000370,ILUAU,1.2999999523162842,93.33390045166016,0.0,5948,261
1781530010374,IONO,0.10000000149011612,84.10540008544922,0.0,20479,251
1781530020049,IOHANA,2.4000000953674316,66.65270233154297,0.0,66920,799
1781530029600,ILUAU,1.7000000476837158,93.33470153808594,0.0,5947,260
1781530039545,IONO,0.30000001192092896,84.10600280761719,0.0,20480,252
1781530049738,IOHANA,1.600000023841858,66.65170288085938,0.0,66920,797
1781530059547,ILUAU,2.200000047683716,93.33260345458984,0.0,5948,261
1781530069197,IONO,0.4000000059604645,84.10569763183594,0.0,20479,251
1781530082547,IOHANA,0.8999999761581421,66.652099609375,0.0,66932,798
1781530092523,ILUAU,1.2999999523162842,93.33090209960938,0.0,5947,260
1781530102486,IONO,0.20000000298023224,84.10600280761719,0.0,20480,252
1781530112313,IOHANA,1.0,66.65249633789062,0.0,66934,798
1781530122474,ILUAU,1.100000023841858,93.3322982788086,0.0,5948,261
1781530132238,IONO,0.10000000149011612,84.10569763183594,0.0,20479,251
1781530142213,IOHANA,0.8999999761581421,66.65239715576172,0.0,66947,799
1781530151767,ILUAU,1.2000000476837158,93.33059692382812,0.0,5947,260
1781530161481,IONO,0.10000000149011612,84.10600280761719,0.0,20480,252
1781530171151,IOHANA,1.0,66.65579986572266,0.0,66953,803
1781530180719,ILUAU,1.100000023841858,93.33260345458984,0.0,5948,261
1781530190258,IONO,0.4000000059604645,84.10579681396484,0.0,20479,251
1781530199926,IOHANA,1.2000000476837158,66.65550231933594,0.0,67117,829
1781530211225,ILUAU,0.8999999761581421,93.3324966430664,0.0,5951,260
1781530220770,IONO,0.20000000298023224,84.1061019897461,0.0,20483,252
1781530230391,IOHANA,0.800000011920929,66.65879821777344,0.0,67074,802
1781530240719,ILUAU,1.2999999523162842,93.33319854736328,0.0,5952,261
1781530250351,IONO,0.30000001192092896,84.10579681396484,0.0,20482,251
1781530260043,IOHANA,1.5,66.6708984375,0.0,67100,815
1781530270305,ILUAU,1.2000000476837158,93.33149719238281,0.0,5951,260
1781530279887,IONO,0.4000000059604645,84.1061019897461,0.0,20483,252
1781530289569,IOHANA,1.0,66.67140197753906,0.0,67104,817
1781530299574,ILUAU,1.2999999523162842,93.33319854736328,0.0,5952,261
1781530311357,IONO,0.20000000298023224,84.10579681396484,0.0,20482,251
1781530321112,IOHANA,0.800000011920929,66.66739654541016,0.0,67116,812
1781530331439,ILUAU,1.2000000476837158,93.3313980102539,0.0,5951,260
1781530341144,IONO,0.10000000149011612,84.1061019897461,0.0,20483,252
1781530350755,IOHANA,1.2000000476837158,66.66709899902344,0.0,67118,812
1781530363685,ILUAU,1.0,93.33290100097656,0.0,5952,261
1781530373310,IONO,0.10000000149011612,84.10579681396484,0.0,20482,251
1781530383129,IOHANA,2.5999999046325684,66.67900085449219,0.0,67138,821
1781530393380,ILUAU,1.2999999523162842,93.3311996459961,0.0,5951,260
1781530402874,IONO,0.10000000149011612,84.1061019897461,0.0,20483,252
1781530412464,IOHANA,2.700000047683716,66.67949676513672,0.0,67140,821
1781530422057,ILUAU,1.2000000476837158,93.33319854736328,0.0,5952,261
1781530431534,IONO,0.30000001192092896,84.10579681396484,0.0,20482,251
1781530441093,IOHANA,1.2000000476837158,66.67919921875,0.0,67150,820
1781530451158,ILUAU,1.0,93.3313980102539,0.0,5951,260
1781530460672,IONO,0.30000001192092896,84.1061019897461,0.0,20483,252
1781530470413,IOHANA,1.2000000476837158,66.67849731445312,0.0,67152,820
1781530480036,ILUAU,1.5,93.33319854736328,0.0,5952,261
1781530489747,IONO,0.10000000149011612,84.10579681396484,0.0,20482,251
1781530499313,IOHANA,11.899999618530273,66.68489837646484,0.0,67172,829
1781530509639,ILUAU,1.100000023841858,93.33149719238281,0.0,5951,260
1781530519766,IONO,0.10000000149011612,84.1061019897461,0.0,20483,252
1781530529434,IOHANA,1.2000000476837158,66.69170379638672,0.0,67186,837
1781530539035,ILUAU,1.2999999523162842,93.33319854736328,0.0,5952,261
1781530548984,IONO,0.0,84.10579681396484,0.0,20482,251
1781530558730,IOHANA,1.2999999523162842,66.69239807128906,0.0,67198,838
1781530568722,ILUAU,1.2999999523162842,93.3375015258789,0.0,5953,262
1781530578759,IONO,0.10000000149011612,84.1061019897461,0.0,20483,252
1781530591282,IOHANA,1.0,66.69139862060547,0.0,67198,832
1781530605168,ILUAU,1.0,93.33930206298828,0.0,5954,263
1781530615009,IONO,0.10000000149011612,84.10579681396484,0.0,20482,251
1781530624899,IOHANA,1.0,66.69210052490234,0.0,67210,833
1781530635146,ILUAU,0.800000011920929,93.33719635009766,0.0,5953,262
1781530645136,IONO,0.10000000149011612,84.1061019897461,0.0,20483,252
1781530654687,IOHANA,0.699999988079071,66.69129943847656,0.0,67211,830
1781530664392,ILUAU,1.2000000476837158,93.33899688720703,0.0,5954,263
1781530674091,IONO,0.10000000149011612,84.10579681396484,0.0,20482,251
1781530683607,IOHANA,1.0,66.69159698486328,0.0,67222,831
1781530693503,ILUAU,1.600000023841858,93.3375015258789,0.0,5953,262
1781530703405,IONO,0.30000001192092896,84.1061019897461,0.0,20483,252
1781530713067,IOHANA,0.800000011920929,66.69039916992188,0.0,67222,829
1781530722859,ILUAU,1.2999999523162842,93.33930206298828,0.0,5954,263
1781530732348,IONO,0.30000001192092896,84.10579681396484,0.0,20482,251
1781530742238,IOHANA,1.7999999523162842,66.69090270996094,0.0,67234,830
1781530752712,ILUAU,1.100000023841858,93.3375015258789,0.0,5953,262
1781530762598,IONO,0.10000000149011612,84.1061019897461,0.0,20483,252
1781530772305,IOHANA,1.100000023841858,66.68990325927734,0.0,67234,828
1781530782185,ILUAU,1.0,93.33930206298828,0.0,5954,263
1781530791916,IONO,0.30000001192092896,84.10579681396484,0.0,20482,251
1781530801536,IOHANA,1.0,66.69039916992188,0.0,67246,829
1781530811413,ILUAU,1.2000000476837158,93.3375015258789,0.0,5953,262
1781530821055,IONO,0.20000000298023224,84.1061019897461,0.0,20483,252
1781530831191,IOHANA,1.0,66.69429779052734,0.0,67255,832
1781530840897,ILUAU,1.399999976158142,93.33390045166016,0.0,5953,262
1781530851014,IONO,0.20000000298023224,84.10579681396484,0.0,20482,251
1781530860714,IOHANA,1.100000023841858,66.6946029663086,0.0,67267,833
1781530874934,ILUAU,2.5999999046325684,93.33429718017578,0.0,5952,261
1781530885493,IONO,0.30000001192092896,84.1061019897461,0.0,20483,252
1781530895853,IOHANA,1.600000023841858,66.6947021484375,0.0,67270,833
1781530905539,ILUAU,1.7999999523162842,93.33609771728516,0.0,5953,262
1781530915451,IONO,0.4000000059604645,84.10579681396484,0.0,20482,251
1781530925297,IOHANA,2.0999999046325684,66.69390106201172,0.0,67280,832
1781530935561,ILUAU,1.899999976158142,93.33429718017578,0.0,5952,261
1781530945113,IONO,0.20000000298023224,84.1061019897461,0.0,20483,252
1781530954796,IOHANA,1.899999976158142,66.69239807128906,0.0,67281,831
1781530964837,ILUAU,2.0999999046325684,93.33609771728516,0.0,5953,262
1781530974478,IONO,0.30000001192092896,84.10579681396484,0.0,20482,251
1781530984175,IOHANA,0.8999999761581421,66.69280242919922,0.0,67292,831
1781530994158,ILUAU,2.200000047683716,93.33399963378906,0.0,5952,261
1781531003879,IONO,0.20000000298023224,84.1061019897461,0.0,20483,252
1781531014696,IOHANA,0.8999999761581421,66.69129943847656,0.0,67292,829
1781531024870,ILUAU,1.100000023841858,93.33580017089844,0.0,5953,262
1781531034873,IONO,0.30000001192092896,84.10579681396484,0.0,20482,251
1781531045440,IOHANA,1.600000023841858,66.69190216064453,0.0,67304,830
1781531056339,ILUAU,1.2000000476837158,93.33429718017578,0.0,5952,261
1781531066254,IONO,0.20000000298023224,84.1061019897461,0.0,20483,252
1781531076163,IOHANA,0.8999999761581421,66.69450378417969,0.0,67308,828
1781531086002,ILUAU,1.0,93.33580017089844,0.0,5953,262
1781531095891,IONO,0.10000000149011612,84.10579681396484,0.0,20482,251
1781531105908,IOHANA,1.2999999523162842,66.693603515625,0.0,67317,829
1781531115582,ILUAU,1.0,93.33450317382812,0.0,5952,261
1781531125226,IONO,0.10000000149011612,84.10649871826172,0.0,20484,252
1781531134817,IOHANA,1.0,66.69390106201172,0.0,67324,830
1781531144644,ILUAU,1.0,93.33609771728516,0.0,5953,262
1781531154198,IONO,0.30000001192092896,84.106201171875,0.0,20483,251
1781531164333,IOHANA,1.5,66.6937026977539,0.0,67336,830
1781531174518,ILUAU,1.0,93.33429718017578,0.0,5952,261
1781531184155,IONO,0.20000000298023224,84.10649871826172,0.0,20484,252
1781531193852,IOHANA,1.0,66.69200134277344,0.0,67336,828
1781531203371,ILUAU,1.0,93.33609771728516,0.0,5953,262
1781531212995,IONO,0.10000000149011612,84.106201171875,0.0,20483,251
1781531223260,IOHANA,1.100000023841858,66.69380187988281,0.0,67373,830
1781531233199,ILUAU,1.0,93.33429718017578,0.0,5952,261
1781531242886,IONO,0.10000000149011612,84.10649871826172,0.0,20484,252
1781531253314,IOHANA,0.8999999761581421,66.6946029663086,0.0,67381,833
1781531263621,ILUAU,1.0,93.33609771728516,0.0,5953,262
1781531275149,IONO,0.10000000149011612,84.106201171875,0.0,20483,251
1781531284931,IOHANA,8.0,66.697998046875,0.0,67391,832
1781531294773,ILUAU,1.0,93.33439636230469,0.0,5952,261
1781531304722,IONO,0.30000001192092896,84.10649871826172,0.0,20484,252
1781531314606,IOHANA,0.8999999761581421,66.6980972290039,0.0,67393,830
1781531324380,ILUAU,1.0,93.33609771728516,0.0,5953,262
1781531334253,IONO,0.10000000149011612,84.106201171875,0.0,20483,251
1781531343872,IOHANA,25.5,66.69869995117188,0.0,67405,828
1781531353952,ILUAU,1.2999999523162842,93.33439636230469,0.0,5952,261
1781531364167,IONO,0.10000000149011612,84.1063003540039,0.0,20483,251
1781531374703,IOHANA,0.8999999761581421,66.69960021972656,0.0,67410,830
1781531384339,ILUAU,1.0,93.33609771728516,0.0,5953,262
1781531394545,IONO,0.30000001192092896,84.10600280761719,0.0,20482,250
1781531404236,IOHANA,1.2000000476837158,66.71209716796875,0.0,67438,847
1781531414363,ILUAU,1.100000023841858,93.33429718017578,0.0,5952,261
1781531424535,IONO,0.30000001192092896,84.10659790039062,0.0,20484,251
1781531434475,IOHANA,4.300000190734863,66.71279907226562,0.0,67444,848
1781531444449,ILUAU,1.0,93.33049774169922,0.0,5952,261
1781531454851,IONO,0.10000000149011612,84.10639953613281,0.0,20483,250
1781531464902,IOHANA,1.100000023841858,66.70690155029297,0.0,67454,838
1781531475069,ILUAU,1.2000000476837158,93.33149719238281,0.0,5951,260
1781531485063,IONO,0.10000000149011612,84.10659790039062,0.0,20484,251
1781531494770,IOHANA,1.2000000476837158,66.70700073242188,0.0,67458,838
1781531504472,ILUAU,1.2000000476837158,93.33329772949219,0.0,5952,261
1781531513989,IONO,0.10000000149011612,84.10639953613281,0.0,20483,250
1781531523891,IOHANA,0.8999999761581421,66.70680236816406,0.0,67466,837
1781531533605,ILUAU,1.2000000476837158,93.33149719238281,0.0,5951,260
1781531543128,IONO,0.30000001192092896,84.10669708251953,0.0,20484,251
1781531552902,IOHANA,1.0,66.70610046386719,0.0,67468,837
1781531562647,ILUAU,1.0,93.33329772949219,0.0,5952,261
1781531572177,IONO,0.20000000298023224,84.10639953613281,0.0,20483,250
1781531581914,IOHANA,0.8999999761581421,66.70709991455078,0.0,67479,836
1781531593139,ILUAU,1.0,93.35070037841797,0.0,5956,265
1781531602698,IONO,0.20000000298023224,84.10669708251953,0.0,20484,251
1781531612386,IOHANA,1.2000000476837158,66.7061996459961,0.0,67481,836
1781531622298,ILUAU,1.2999999523162842,93.35240173339844,0.0,5957,266
1781531631826,IONO,0.30000001192092896,84.10639953613281,0.0,20483,250
1781531642214,IOHANA,1.2000000476837158,66.70590209960938,0.0,67491,835
1781531652594,ILUAU,1.0,93.35070037841797,0.0,5956,265
1781531662343,IONO,0.10000000149011612,84.10659790039062,0.0,20484,251
1781531672021,IOHANA,0.8999999761581421,66.70539855957031,0.0,67493,835
1781531681783,ILUAU,1.2999999523162842,93.35250091552734,0.0,5957,266
1781531691655,IONO,0.10000000149011612,84.10639953613281,0.0,20483,250
1781531701224,IOHANA,1.7999999523162842,66.70230102539062,0.0,67502,833
1781531711249,ILUAU,1.2000000476837158,93.35070037841797,0.0,5956,265
1781531720884,IONO,0.10000000149011612,84.10669708251953,0.0,20484,251
1781531730552,IOHANA,1.0,66.70359802246094,0.0,67509,834
1781531741114,ILUAU,1.0,93.35250091552734,0.0,5957,266
1781531751049,IONO,0.10000000149011612,84.10639953613281,0.0,20483,250
1781531760847,IOHANA,8.899999618530273,66.70379638671875,0.0,67519,833
1781531771087,ILUAU,1.2000000476837158,93.35070037841797,0.0,5956,265
1781531780743,IONO,0.30000001192092896,84.10669708251953,0.0,20484,251
1781531790464,IOHANA,3.5999999046325684,66.70539855957031,0.0,67523,833
1781531800440,ILUAU,1.100000023841858,93.35220336914062,0.0,5957,266
1781531809963,IONO,0.30000001192092896,84.10639953613281,0.0,20483,250
1781531819898,IOHANA,36.0,66.70980072021484,0.0,67532,831
1781531830852,ILUAU,1.0,93.35040283203125,0.0,5956,265
1781531840648,IONO,0.10000000149011612,84.10669708251953,0.0,20484,251
1781531851231,IOHANA,0.8999999761581421,66.7052993774414,0.0,67532,828
1781531860898,ILUAU,1.0,93.35220336914062,0.0,5957,266
1781531871016,IONO,0.4000000059604645,84.10639953613281,0.0,20483,250
1781531881068,IOHANA,9.199999809265137,66.70760345458984,0.0,67544,829
1781531892443,ILUAU,1.2999999523162842,93.3501968383789,0.0,5956,265
1781531902390,IONO,0.10000000149011612,84.10669708251953,0.0,20484,251
1781531913164,IOHANA,1.0,66.70600128173828,0.0,67544,827
1781531922873,ILUAU,1.0,93.35189819335938,0.0,5957,266
1781531932953,IONO,0.10000000149011612,84.10639953613281,0.0,20483,250
1781531942604,IOHANA,0.699999988079071,66.706298828125,0.0,67556,828
1781531952544,ILUAU,1.0,93.35050201416016,0.0,5956,265
1781531962202,IONO,0.10000000149011612,84.10669708251953,0.0,20484,251
1781531972126,IOHANA,0.8999999761581421,66.70649719238281,0.0,67558,828
1781531982085,ILUAU,0.800000011920929,93.35220336914062,0.0,5957,266
1781531991884,IONO,0.10000000149011612,84.10639953613281,0.0,20483,250
1781532001462,IOHANA,5.5,66.70700073242188,0.0,67570,829
1781532011280,ILUAU,1.0,93.35070037841797,0.0,5956,265
1781532021970,IONO,0.30000001192092896,84.10690307617188,0.0,20484,251
1781532031757,IOHANA,0.800000011920929,66.70590209960938,0.0,67574,827
1781532043472,ILUAU,1.100000023841858,93.38059997558594,0.0,5961,270
1781532053186,IONO,0.4000000059604645,84.10659790039062,0.0,20483,250
1781532062763,IOHANA,0.8999999761581421,66.706298828125,0.0,67586,828
1781532073178,ILUAU,1.2000000476837158,93.3770980834961,0.0,5960,269
1781532082714,IONO,0.10000000149011612,84.10690307617188,0.0,20484,251
1781532092795,IOHANA,1.0,66.70600128173828,0.0,67588,828
1781532102880,ILUAU,1.399999976158142,93.37899780273438,0.0,5961,270
1781532112532,IONO,0.10000000149011612,84.10659790039062,0.0,20483,250
1781532122457,IOHANA,0.800000011920929,66.70590209960938,0.0,67600,828
1781532132976,ILUAU,0.8999999761581421,93.377197265625,0.0,5960,269
1781532142742,IONO,0.30000001192092896,84.10690307617188,0.0,20484,251
1781532152555,IOHANA,0.800000011920929,66.70439910888672,0.0,67600,826
1781532163175,ILUAU,1.2000000476837158,93.37899780273438,0.0,5961,270
1781532173936,IONO,0.10000000149011612,84.10659790039062,0.0,20483,250
1781532193163,IOHANA,1.2000000476837158,66.70500183105469,0.0,67614,828
1781532203096,ILUAU,1.2999999523162842,93.377197265625,0.0,5960,269
1781532213432,IONO,0.30000001192092896,84.1051025390625,0.0,20483,250
1781532223269,IOHANA,5.300000190734863,66.70549774169922,0.0,67624,827
1781532233090,ILUAU,1.2999999523162842,93.37870025634766,0.0,5961,270
1781532244921,IONO,0.4000000059604645,84.10540008544922,0.0,20483,250
1781532256129,IOHANA,0.800000011920929,66.7051010131836,0.0,67626,827
1781532266572,ILUAU,1.7999999523162842,93.37680053710938,0.0,5960,269
1781532276379,IONO,0.30000001192092896,84.10679626464844,0.0,20484,251
1781532286193,IOHANA,1.0,66.70469665527344,0.0,67636,826
1781532296177,ILUAU,1.2000000476837158,93.37889862060547,0.0,5961,270
1781532306712,IONO,0.4000000059604645,84.10659790039062,0.0,20483,250
1781532319871,IOHANA,2.799999952316284,66.70449829101562,0.0,67642,826
1781532330085,ILUAU,1.899999976158142,93.3770980834961,0.0,5960,269
1781532339737,IONO,0.30000001192092896,84.10679626464844,0.0,20484,251
1781532349366,IOHANA,15.699999809265137,66.70439910888672,0.0,67650,825
1781532359030,ILUAU,1.2999999523162842,93.37889862060547,0.0,5961,270
1781532368563,IONO,0.10000000149011612,84.10659790039062,0.0,20483,250
1781532378112,IOHANA,1.0,66.70539855957031,0.0,67656,827
1781532387960,ILUAU,1.2000000476837158,93.3770980834961,0.0,5960,269
1781532397619,IONO,0.10000000149011612,84.10679626464844,0.0,20484,251
1781532407938,IOHANA,0.8999999761581421,66.70040130615234,0.0,67666,824
1781532417692,ILUAU,1.2000000476837158,93.37889862060547,0.0,5961,270
1781532427319,IONO,0.10000000149011612,84.10659790039062,0.0,20483,250
1781532436918,IOHANA,1.100000023841858,66.69999694824219,0.0,67668,824
1781532446603,ILUAU,1.2000000476837158,93.3770980834961,0.0,5960,269
1781532456991,IONO,0.4000000059604645,84.10690307617188,0.0,20484,251
1781532466638,IOHANA,1.100000023841858,66.69920349121094,0.0,67678,822
1781532476254,ILUAU,1.0,93.37889862060547,0.0,5961,270
1781532485761,IONO,0.4000000059604645,84.10659790039062,0.0,20483,250
1781532495370,IOHANA,1.0,66.70020294189453,0.0,67682,824
1781532505090,ILUAU,1.0,93.3770980834961,0.0,5960,269
1781532514585,IONO,0.30000001192092896,84.10679626464844,0.0,20484,251
1781532524212,IOHANA,5.099999904632568,66.69969940185547,0.0,67692,823
1781532533785,ILUAU,1.100000023841858,93.37860107421875,0.0,5961,270
1781532543320,IONO,0.30000001192092896,84.10659790039062,0.0,20483,250
1781532552895,IOHANA,1.2000000476837158,66.70020294189453,0.0,67694,823
1781532562617,ILUAU,1.0,93.37680053710938,0.0,5960,269
1781532572110,IONO,0.10000000149011612,84.10679626464844,0.0,20484,251
1781532581663,IOHANA,0.8999999761581421,66.70079803466797,0.0,67702,822
1781532591343,ILUAU,1.0,93.36129760742188,0.0,5956,265
1781532600860,IONO,0.10000000149011612,84.10659790039062,0.0,20483,250
1781532610488,IOHANA,8.199999809265137,66.70089721679688,0.0,67712,824
1781532620531,ILUAU,1.0,93.35970306396484,0.0,5955,264
1781532630264,IONO,0.10000000149011612,84.10679626464844,0.0,20484,251
1781532639923,IOHANA,1.2999999523162842,66.70050048828125,0.0,67715,822
1781532650183,ILUAU,1.2000000476837158,93.356201171875,0.0,5955,264
1781532661037,IONO,0.20000000298023224,84.10659790039062,0.0,20483,250
1781532672776,IOHANA,1.0,66.69930267333984,0.0,67723,822
1781532683316,ILUAU,1.0,93.35690307617188,0.0,5954,263
1781532693676,IONO,0.30000001192092896,84.10679626464844,0.0,20484,251
1781532704473,IOHANA,8.5,66.69889831542969,0.0,67733,821
1781532714427,ILUAU,1.0,93.35870361328125,0.0,5955,264
1781532724578,IONO,0.20000000298023224,84.10659790039062,0.0,20483,250
1781532734266,IOHANA,1.0,66.70040130615234,0.0,67737,823
1781532744185,ILUAU,1.2999999523162842,93.35690307617188,0.0,5954,263
1781532755932,IONO,0.4000000059604645,84.10679626464844,0.0,20484,251
1781532765609,IOHANA,1.0,66.69989776611328,0.0,67747,822
1781532775369,ILUAU,1.0,93.35870361328125,0.0,5955,264
1781532785285,IONO,0.30000001192092896,84.10659790039062,0.0,20483,250
1781532794960,IOHANA,1.0,66.69989776611328,0.0,67749,822
1781532804680,ILUAU,1.0,93.35690307617188,0.0,5954,263
1781532814477,IONO,0.30000001192092896,84.10679626464844,0.0,20484,251
1781532824023,IOHANA,8.699999809265137,66.69950103759766,0.0,67759,821
1781532833767,ILUAU,1.0,93.35870361328125,0.0,5955,264
1781532843377,IONO,0.20000000298023224,84.10659790039062,0.0,20483,250
1781532852920,IOHANA,1.100000023841858,66.69999694824219,0.0,67763,823
1781532862725,ILUAU,1.5,93.35690307617188,0.0,5954,263
1781532872843,IONO,0.10000000149011612,84.10690307617188,0.0,20484,251
1781532882481,IOHANA,8.600000381469727,66.69950103759766,0.0,67771,822
1781532892440,ILUAU,1.5,93.35870361328125,0.0,5955,264
1781532901850,IONO,0.30000001192092896,84.10690307617188,0.0,20483,250
1781532911536,IOHANA,2.9000000953674316,66.69950103759766,0.0,67779,822
1781532921316,ILUAU,2.0,93.3572998046875,0.0,5954,263
1781532931453,IONO,0.20000000298023224,84.10690307617188,0.0,20484,251
1781532941301,IOHANA,9.5,66.6990966796875,0.0,67783,821
1781532950920,ILUAU,1.7999999523162842,93.35859680175781,0.0,5955,264
1781532960432,IONO,0.30000001192092896,84.10669708251953,0.0,20483,250
1781532970159,IOHANA,1.0,66.70069885253906,0.0,67793,824
1781532979758,ILUAU,1.2000000476837158,93.35690307617188,0.0,5954,263
1781532989222,IONO,0.20000000298023224,84.10690307617188,0.0,20484,251
1781533000484,IOHANA,8.600000381469727,66.69979858398438,0.0,67803,822
1781533010612,ILUAU,1.100000023841858,93.35890197753906,0.0,5955,264
1781533020588,IONO,0.30000001192092896,84.10669708251953,0.0,20483,250
1781533030397,IOHANA,1.0,66.70059967041016,0.0,67807,822
1781533040011,ILUAU,1.5,93.3572006225586,0.0,5954,263
1781533049480,IONO,0.10000000149011612,84.10690307617188,0.0,20484,251
1781533059095,IOHANA,1.2999999523162842,66.70089721679688,0.0,67813,821
1781533068688,ILUAU,1.2000000476837158,93.35890197753906,0.0,5955,264
1781533078157,IONO,0.10000000149011612,84.10669708251953,0.0,20483,250
1781533087823,IOHANA,1.100000023841858,66.70159912109375,0.0,67821,824
1781533097377,ILUAU,1.100000023841858,93.35700225830078,0.0,5954,263
1781533106874,IONO,0.30000001192092896,84.10690307617188,0.0,20484,251
1781533116471,IOHANA,7.0,66.69989776611328,0.0,67825,822
1781533126063,ILUAU,1.0,93.35880279541016,0.0,5955,264
1781533135519,IONO,0.30000001192092896,84.10669708251953,0.0,20483,250
1781533145268,IOHANA,0.8999999761581421,66.70020294189453,0.0,67833,823
1781533154915,ILUAU,1.2999999523162842,93.35700225830078,0.0,5954,263
1781533164420,IONO,0.30000001192092896,84.10690307617188,0.0,20484,251
1781533173937,IOHANA,1.0,66.69860076904297,0.0,67833,821
1781533183463,ILUAU,1.2000000476837158,93.35880279541016,0.0,5955,264
1781533192952,IONO,0.10000000149011612,84.10669708251953,0.0,20483,250
1781533202481,IOHANA,1.100000023841858,66.6990966796875,0.0,67845,822
1781533212020,ILUAU,1.2000000476837158,93.35700225830078,0.0,5954,263
1781533222554,IONO,0.30000001192092896,84.10690307617188,0.0,20484,251
1781533232164,IOHANA,1.0,66.70069885253906,0.0,67828,823
1781533242047,ILUAU,1.0,93.35880279541016,0.0,5955,264
1781533251498,IONO,0.30000001192092896,84.10669708251953,0.0,20483,250
1781533261169,IOHANA,1.0,66.70010375976562,0.0,67840,820
1781533270790,ILUAU,0.8999999761581421,93.35700225830078,0.0,5954,263
1781533280774,IONO,0.20000000298023224,84.10690307617188,0.0,20484,251
1781533290690,IOHANA,0.8999999761581421,66.693603515625,0.0,67840,817
1781533300222,ILUAU,1.0,93.35880279541016,0.0,5955,264
1781533309722,IONO,0.10000000149011612,84.10669708251953,0.0,20483,250
1781533319328,IOHANA,0.8999999761581421,66.6937026977539,0.0,67852,818
1781533328757,ILUAU,1.2000000476837158,93.35700225830078,0.0,5954,263
1781533338406,IONO,0.30000001192092896,84.10700225830078,0.0,20484,251
1781533348282,IOHANA,0.800000011920929,66.69139862060547,0.0,67852,816
1781533358059,ILUAU,1.2000000476837158,93.3584976196289,0.0,5955,264
1781533367523,IONO,0.30000001192092896,84.10669708251953,0.0,20483,250
1781533377151,IOHANA,0.800000011920929,66.69180297851562,0.0,67864,817
1781533386654,ILUAU,1.2000000476837158,93.35669708251953,0.0,5954,263
1781533396237,IONO,0.10000000149011612,84.10710144042969,0.0,20484,251
1781533405762,IOHANA,1.100000023841858,66.6906967163086,0.0,67864,815
1781533415348,ILUAU,1.2999999523162842,93.35880279541016,0.0,5955,264
1781533424858,IONO,0.10000000149011612,84.10679626464844,0.0,20483,250
1781533434647,IOHANA,0.8999999761581421,66.69100189208984,0.0,67876,816
1781533445918,ILUAU,1.0,93.35579681396484,0.0,5954,263
1781533455547,IONO,0.10000000149011612,84.10710144042969,0.0,20484,251
1781533465125,IOHANA,0.8999999761581421,66.6895980834961,0.0,67876,814
1781533474740,ILUAU,1.0,93.3584976196289,0.0,5955,264
1781533484203,IONO,0.30000001192092896,84.10679626464844,0.0,20483,250
1781533494051,IOHANA,1.600000023841858,66.69000244140625,0.0,67888,815
1781533503666,ILUAU,2.0,93.35700225830078,0.0,5954,263
1781533513252,IONO,0.4000000059604645,84.10710144042969,0.0,20484,251
1781533522849,IOHANA,1.0,66.69100189208984,0.0,67892,813
1781533532357,ILUAU,1.2000000476837158,93.35880279541016,0.0,5955,264
1781533542037,IONO,0.10000000149011612,84.10679626464844,0.0,20483,250
1781533551629,IOHANA,8.5,66.69239807128906,0.0,67906,816
1781533561176,ILUAU,1.2999999523162842,93.35700225830078,0.0,5954,263
1781533570617,IONO,0.10000000149011612,84.10710144042969,0.0,20484,251
1781533580175,IOHANA,0.8999999761581421,66.69149780273438,0.0,67906,814
1781533589882,ILUAU,1.0,93.35880279541016,0.0,5955,264
1781533599531,IONO,0.10000000149011612,84.10679626464844,0.0,20483,250
1781533609222,IOHANA,0.8999999761581421,66.69190216064453,0.0,67918,815
1781533618753,ILUAU,0.699999988079071,93.35700225830078,0.0,5954,263
1781533628485,IONO,0.10000000149011612,84.10710144042969,0.0,20484,251
1781533638379,IOHANA,1.0,66.69090270996094,0.0,67920,813
1781533648236,ILUAU,1.2000000476837158,93.35880279541016,0.0,5955,264
1781534268458,ILUAU,1.0,93.35759735107422,0.0,5954,263
1781534280948,IONO,0.30000001192092896,84.10569763183594,0.0,20482,249
1781534290849,IOHANA,1.2000000476837158,66.74340057373047,0.0,68106,859
1781534300425,ILUAU,1.2000000476837158,93.35929870605469,0.0,5955,264
1781534312415,IONO,0.20000000298023224,84.10590362548828,0.0,20483,250
1781534322748,IOHANA,15.899999618530273,66.74729919433594,0.0,68118,864
1781534332504,ILUAU,1.0,93.35759735107422,0.0,5954,263
1781534342081,IONO,0.30000001192092896,84.10569763183594,0.0,20482,249
1781534351963,IOHANA,1.2000000476837158,66.74430084228516,0.0,68120,858
1781534361569,ILUAU,1.0,93.3593978881836,0.0,5955,264
1781534371126,IONO,0.10000000149011612,84.10590362548828,0.0,20483,250
1781534380722,IOHANA,9.399999618530273,66.74400329589844,0.0,68130,859
1781534390233,ILUAU,1.0,93.35759735107422,0.0,5954,263
1781534399788,IONO,0.10000000149011612,84.10569763183594,0.0,20482,249
1781534412304,IOHANA,8.699999809265137,66.74449920654297,0.0,68140,861
1781534421860,ILUAU,1.5,93.35929870605469,0.0,5955,264
1781534431359,IONO,0.10000000149011612,84.10590362548828,0.0,20483,250
1781534440912,IOHANA,4.300000190734863,66.74949645996094,0.0,68151,867
1781534450447,ILUAU,1.2999999523162842,93.35759735107422,0.0,5954,263
1781534459956,IONO,0.30000001192092896,84.10569763183594,0.0,20482,249
1781534469467,IOHANA,1.100000023841858,66.75240325927734,0.0,68158,866
1781534480675,ILUAU,1.2000000476837158,93.35929870605469,0.0,5955,264
1781534490931,IONO,0.10000000149011612,84.10590362548828,0.0,20483,250
1781534501390,IOHANA,4.199999809265137,66.7510986328125,0.0,68168,865
1781534511169,ILUAU,1.0,93.35759735107422,0.0,5954,263
1781534520818,IONO,0.10000000149011612,84.10569763183594,0.0,20482,249
1781534530325,IOHANA,1.100000023841858,66.75250244140625,0.0,68172,865
1781534539845,ILUAU,1.2000000476837158,93.3593978881836,0.0,5955,264
1781534549581,IONO,0.10000000149011612,84.10600280761719,0.0,20483,250
1781534561127,IOHANA,0.8999999761581421,66.75160217285156,0.0,68182,866
1781534571399,ILUAU,1.2000000476837158,93.35759735107422,0.0,5954,263
